{
    "appStorageCapacity": 131072,
    "display": {
        "behaviors": [],
        "isTouch": false,
        "landscapeOrientation": 0,
        "location": {
            "height": 303,
            "width": 230,
            "x": 84,
            "y": 133
        },
        "shape": "rectangle"
    },
    "fonts": [
        {
            "fontSet": "ww",
            "fonts": [
                {
                    "filename": "FNT_EDGE130_ROBOTO_CONDENSED_17",
                    "name": "xtiny"
                },
                {
                    "filename": "FNT_EDGE130_ROBOTO_CONDENSED_BOLD_17",
                    "name": "tiny"
                },
                {
                    "filename": "FNT_EDGE130_ROBOTO_CONDENSED_18",
                    "name": "small"
                },
                {
                    "filename": "FNT_EDGE130_ROBOTO_CONDENSED_BOLD_18",
                    "name": "medium"
                },
                {
                    "filename": "FNT_EDGE130_ROBOTO_CONDENSED_BOLD_21",
                    "name": "large"
                },
                {
                    "filename": "FNT_EDGE130_BEBAS_NEUE_BOLD_32",
                    "name": "numberMild"
                },
                {
                    "filename": "FNT_EDGE130_BEBAS_NEUE_BOLD_35",
                    "name": "numberMedium"
                },
                {
                    "filename": "FNT_EDGE130_BEBAS_NEUE_BOLD_51",
                    "name": "numberHot"
                },
                {
                    "filename": "FNT_EDGE130_BEBAS_NEUE_BOLD_64",
                    "name": "numberThaiHot"
                }
            ]
        },
        {
            "fontSet": "apac_chn",
            "fonts": [
                {
                    "filename": "FNT_EDGE130_NOTO_SANS_CJK_TC_BOLD_CHN_27",
                    "name": "xtiny"
                },
                {
                    "filename": "FNT_EDGE130_NOTO_SANS_CJK_TC_BOLD_CHN_27",
                    "name": "tiny"
                },
                {
                    "filename": "FNT_EDGE130_NOTO_SANS_CJK_TC_BOLD_CHN_30",
                    "name": "small"
                },
                {
                    "filename": "FNT_EDGE130_NOTO_SANS_CJK_TC_BOLD_CHN_30",
                    "name": "medium"
                },
                {
                    "filename": "FNT_EDGE130_NOTO_SANS_CJK_TC_BOLD_CHN_35",
                    "name": "large"
                },
                {
                    "filename": "FNT_EDGE130_BEBAS_NEUE_BOLD_32",
                    "name": "numberMild"
                },
                {
                    "filename": "FNT_EDGE130_BEBAS_NEUE_BOLD_35",
                    "name": "numberMedium"
                },
                {
                    "filename": "FNT_EDGE130_BEBAS_NEUE_BOLD_51",
                    "name": "numberHot"
                },
                {
                    "filename": "FNT_EDGE130_BEBAS_NEUE_BOLD_64",
                    "name": "numberThaiHot"
                }
            ]
        },
        {
            "fontSet": "apac_twn",
            "fonts": [
                {
                    "filename": "FNT_EDGE130_NOTO_SANS_CJK_TC_BOLD_TWN_27",
                    "name": "xtiny"
                },
                {
                    "filename": "FNT_EDGE130_NOTO_SANS_CJK_TC_BOLD_TWN_27",
                    "name": "tiny"
                },
                {
                    "filename": "FNT_EDGE130_NOTO_SANS_CJK_TC_BOLD_TWN_30",
                    "name": "small"
                },
                {
                    "filename": "FNT_EDGE130_NOTO_SANS_CJK_TC_BOLD_TWN_30",
                    "name": "medium"
                },
                {
                    "filename": "FNT_EDGE130_NOTO_SANS_CJK_TC_BOLD_TWN_35",
                    "name": "large"
                },
                {
                    "filename": "FNT_EDGE130_BEBAS_NEUE_BOLD_32",
                    "name": "numberMild"
                },
                {
                    "filename": "FNT_EDGE130_BEBAS_NEUE_BOLD_35",
                    "name": "numberMedium"
                },
                {
                    "filename": "FNT_EDGE130_BEBAS_NEUE_BOLD_51",
                    "name": "numberHot"
                },
                {
                    "filename": "FNT_EDGE130_BEBAS_NEUE_BOLD_64",
                    "name": "numberThaiHot"
                }
            ]
        },
        {
            "fontSet": "apac_jpn",
            "fonts": [
                {
                    "filename": "FNT_EDGE130_NOTO_SANS_CJK_JP_BOLD_27",
                    "name": "xtiny"
                },
                {
                    "filename": "FNT_EDGE130_NOTO_SANS_CJK_JP_BOLD_27",
                    "name": "tiny"
                },
                {
                    "filename": "FNT_EDGE130_NOTO_SANS_CJK_JP_BOLD_30",
                    "name": "small"
                },
                {
                    "filename": "FNT_EDGE130_NOTO_SANS_CJK_JP_BOLD_30",
                    "name": "medium"
                },
                {
                    "filename": "FNT_EDGE130_NOTO_SANS_CJK_JP_BOLD_35",
                    "name": "large"
                },
                {
                    "filename": "FNT_EDGE130_BEBAS_NEUE_BOLD_32",
                    "name": "numberMild"
                },
                {
                    "filename": "FNT_EDGE130_BEBAS_NEUE_BOLD_35",
                    "name": "numberMedium"
                },
                {
                    "filename": "FNT_EDGE130_BEBAS_NEUE_BOLD_51",
                    "name": "numberHot"
                },
                {
                    "filename": "FNT_EDGE130_BEBAS_NEUE_BOLD_64",
                    "name": "numberThaiHot"
                }
            ]
        },
        {
            "fontSet": "apac_kor",
            "fonts": [
                {
                    "filename": "FNT_EDGE130_NOTO_SANS_CJK_TC_BOLD_KOR_27",
                    "name": "xtiny"
                },
                {
                    "filename": "FNT_EDGE130_NOTO_SANS_CJK_TC_BOLD_KOR_27",
                    "name": "tiny"
                },
                {
                    "filename": "FNT_EDGE130_NOTO_SANS_CJK_TC_BOLD_KOR_30",
                    "name": "small"
                },
                {
                    "filename": "FNT_EDGE130_NOTO_SANS_CJK_TC_BOLD_KOR_30",
                    "name": "medium"
                },
                {
                    "filename": "FNT_EDGE130_NOTO_SANS_CJK_TC_BOLD_KOR_35",
                    "name": "large"
                },
                {
                    "filename": "FNT_EDGE130_BEBAS_NEUE_BOLD_32",
                    "name": "numberMild"
                },
                {
                    "filename": "FNT_EDGE130_BEBAS_NEUE_BOLD_35",
                    "name": "numberMedium"
                },
                {
                    "filename": "FNT_EDGE130_BEBAS_NEUE_BOLD_51",
                    "name": "numberHot"
                },
                {
                    "filename": "FNT_EDGE130_BEBAS_NEUE_BOLD_64",
                    "name": "numberThaiHot"
                }
            ]
        },
        {
            "fontSet": "apac_tha",
            "fonts": [
                {
                    "filename": "bitstreamVeraSans 16",
                    "name": "xtiny"
                },
                {
                    "filename": "bitstreamVeraSans 16",
                    "name": "tiny"
                },
                {
                    "filename": "bitstreamVeraSans 16",
                    "name": "small"
                },
                {
                    "filename": "bitstreamVeraSans 21",
                    "name": "medium"
                },
                {
                    "filename": "bitstreamVeraSans 27",
                    "name": "large"
                },
                {
                    "filename": "FNT_EDGE130_BEBAS_NEUE_BOLD_32",
                    "name": "numberMild"
                },
                {
                    "filename": "FNT_EDGE130_BEBAS_NEUE_BOLD_35",
                    "name": "numberMedium"
                },
                {
                    "filename": "FNT_EDGE130_BEBAS_NEUE_BOLD_51",
                    "name": "numberHot"
                },
                {
                    "filename": "FNT_EDGE130_BEBAS_NEUE_BOLD_64",
                    "name": "numberThaiHot"
                }
            ]
        },
        {
            "fontSet": "apac_vie",
            "fonts": [
                {
                    "filename": "FNT_EDGE130_ROBOTO_CONDENSED_BOLD_27",
                    "name": "xtiny"
                },
                {
                    "filename": "FNT_EDGE130_ROBOTO_CONDENSED_BOLD_27",
                    "name": "tiny"
                },
                {
                    "filename": "FNT_EDGE130_ROBOTO_CONDENSED_BOLD_30",
                    "name": "small"
                },
                {
                    "filename": "FNT_EDGE130_ROBOTO_CONDENSED_BOLD_30",
                    "name": "medium"
                },
                {
                    "filename": "FNT_EDGE130_ROBOTO_CONDENSED_BOLD_35",
                    "name": "large"
                },
                {
                    "filename": "FNT_EDGE130_BEBAS_NEUE_BOLD_32",
                    "name": "numberMild"
                },
                {
                    "filename": "FNT_EDGE130_BEBAS_NEUE_BOLD_35",
                    "name": "numberMedium"
                },
                {
                    "filename": "FNT_EDGE130_BEBAS_NEUE_BOLD_51",
                    "name": "numberHot"
                },
                {
                    "filename": "FNT_EDGE130_BEBAS_NEUE_BOLD_64",
                    "name": "numberThaiHot"
                }
            ]
        }
    ],
    "image": "edge130.png",
    "keys": [
        {
            "behavior": "onBack",
            "id": "lap",
            "location": {
                "height": 43,
                "width": 112,
                "x": 79,
                "y": 513
            }
        },
        {
            "behavior": "onSelect",
            "id": "start",
            "location": {
                "height": 43,
                "width": 112,
                "x": 208,
                "y": 513
            }
        },
        {
            "behavior": "previousPage",
            "id": "up",
            "location": {
                "height": 108,
                "width": 41,
                "x": 338,
                "y": 147
            }
        },
        {
            "behavior": "onMenu",
            "id": "menu",
            "isHold": true,
            "location": {
                "height": 108,
                "width": 41,
                "x": 338,
                "y": 147
            }
        },
        {
            "behavior": "nextPage",
            "id": "down",
            "location": {
                "height": 108,
                "width": 41,
                "x": 338,
                "y": 325
            }
        }
    ],
    "layouts": [
        {
            "datafields": {
                "datafields": [
                    {
                        "drawBorders": true,
                        "fields": [
                            {
                                "data": {
                                    "font": "numberThaiHot",
                                    "justification": "center",
                                    "width": 230,
                                    "x": 115,
                                    "y": 191
                                },
                                "label": {
                                    "font": "tiny",
                                    "justification": "left",
                                    "x": 2,
                                    "y": 20
                                },
                                "labelDisabled": false,
                                "location": {
                                    "height": 303,
                                    "width": 230,
                                    "x": 0,
                                    "y": 0
                                },
                                "obscurity": []
                            }
                        ],
                        "name": "1 Field"
                    },
                    {
                        "drawBorders": true,
                        "fields": [
                            {
                                "data": {
                                    "font": "numberThaiHot",
                                    "justification": "center",
                                    "width": 230,
                                    "x": 115,
                                    "y": 115
                                },
                                "label": {
                                    "font": "tiny",
                                    "justification": "left",
                                    "x": 2,
                                    "y": 20
                                },
                                "labelDisabled": false,
                                "location": {
                                    "height": 151,
                                    "width": 230,
                                    "x": 0,
                                    "y": 0
                                },
                                "obscurity": []
                            },
                            {
                                "data": {
                                    "font": "numberThaiHot",
                                    "justification": "center",
                                    "width": 230,
                                    "x": 115,
                                    "y": 115
                                },
                                "label": {
                                    "font": "tiny",
                                    "justification": "left",
                                    "x": 2,
                                    "y": 20
                                },
                                "labelDisabled": false,
                                "location": {
                                    "height": 151,
                                    "width": 230,
                                    "x": 0,
                                    "y": 152
                                },
                                "obscurity": []
                            }
                        ],
                        "name": "2 Fields"
                    },
                    {
                        "drawBorders": true,
                        "fields": [
                            {
                                "data": {
                                    "font": "numberThaiHot",
                                    "justification": "right",
                                    "width": 230,
                                    "x": 224,
                                    "y": 115
                                },
                                "label": {
                                    "font": "tiny",
                                    "justification": "left",
                                    "x": 2,
                                    "y": 20
                                },
                                "labelDisabled": false,
                                "location": {
                                    "height": 151,
                                    "width": 230,
                                    "x": 0,
                                    "y": 0
                                },
                                "obscurity": []
                            },
                            {
                                "data": {
                                    "font": "numberHot",
                                    "justification": "right",
                                    "width": 230,
                                    "x": 224,
                                    "y": 67
                                },
                                "label": {
                                    "font": "tiny",
                                    "justification": "left",
                                    "x": 2,
                                    "y": 20
                                },
                                "labelDisabled": false,
                                "location": {
                                    "height": 75,
                                    "width": 230,
                                    "x": 0,
                                    "y": 152
                                },
                                "obscurity": []
                            },
                            {
                                "data": {
                                    "font": "numberHot",
                                    "justification": "right",
                                    "width": 230,
                                    "x": 224,
                                    "y": 67
                                },
                                "label": {
                                    "font": "tiny",
                                    "justification": "left",
                                    "x": 2,
                                    "y": 20
                                },
                                "labelDisabled": false,
                                "location": {
                                    "height": 75,
                                    "width": 230,
                                    "x": 0,
                                    "y": 228
                                },
                                "obscurity": []
                            }
                        ],
                        "name": "3 Fields A"
                    },
                    {
                        "drawBorders": true,
                        "fields": [
                            {
                                "data": {
                                    "font": "numberHot",
                                    "justification": "right",
                                    "width": 230,
                                    "x": 224,
                                    "y": 67
                                },
                                "label": {
                                    "font": "tiny",
                                    "justification": "left",
                                    "x": 2,
                                    "y": 20
                                },
                                "labelDisabled": false,
                                "location": {
                                    "height": 75,
                                    "width": 230,
                                    "x": 0,
                                    "y": 0
                                },
                                "obscurity": []
                            },
                            {
                                "data": {
                                    "font": "numberThaiHot",
                                    "justification": "right",
                                    "width": 230,
                                    "x": 224,
                                    "y": 115
                                },
                                "label": {
                                    "font": "tiny",
                                    "justification": "left",
                                    "x": 2,
                                    "y": 20
                                },
                                "labelDisabled": false,
                                "location": {
                                    "height": 151,
                                    "width": 230,
                                    "x": 0,
                                    "y": 76
                                },
                                "obscurity": []
                            },
                            {
                                "data": {
                                    "font": "numberHot",
                                    "justification": "right",
                                    "width": 230,
                                    "x": 224,
                                    "y": 67
                                },
                                "label": {
                                    "font": "tiny",
                                    "justification": "left",
                                    "x": 2,
                                    "y": 20
                                },
                                "labelDisabled": false,
                                "location": {
                                    "height": 75,
                                    "width": 230,
                                    "x": 0,
                                    "y": 228
                                },
                                "obscurity": []
                            }
                        ],
                        "name": "3 Fields B"
                    },
                    {
                        "drawBorders": true,
                        "fields": [
                            {
                                "data": {
                                    "font": "numberThaiHot",
                                    "justification": "right",
                                    "width": 230,
                                    "x": 224,
                                    "y": 92
                                },
                                "label": {
                                    "font": "tiny",
                                    "justification": "left",
                                    "x": 2,
                                    "y": 20
                                },
                                "labelDisabled": false,
                                "location": {
                                    "height": 101,
                                    "width": 230,
                                    "x": 0,
                                    "y": 0
                                },
                                "obscurity": []
                            },
                            {
                                "data": {
                                    "font": "numberThaiHot",
                                    "justification": "right",
                                    "width": 230,
                                    "x": 224,
                                    "y": 92
                                },
                                "label": {
                                    "font": "tiny",
                                    "justification": "left",
                                    "x": 2,
                                    "y": 20
                                },
                                "labelDisabled": false,
                                "location": {
                                    "height": 101,
                                    "width": 230,
                                    "x": 0,
                                    "y": 102
                                },
                                "obscurity": []
                            },
                            {
                                "data": {
                                    "font": "numberThaiHot",
                                    "justification": "right",
                                    "width": 230,
                                    "x": 224,
                                    "y": 92
                                },
                                "label": {
                                    "font": "tiny",
                                    "justification": "left",
                                    "x": 2,
                                    "y": 20
                                },
                                "labelDisabled": false,
                                "location": {
                                    "height": 101,
                                    "width": 230,
                                    "x": 0,
                                    "y": 204
                                },
                                "obscurity": []
                            }
                        ],
                        "name": "3 Fields C"
                    },
                    {
                        "drawBorders": true,
                        "fields": [
                            {
                                "data": {
                                    "font": "numberThaiHot",
                                    "justification": "right",
                                    "width": 230,
                                    "x": 224,
                                    "y": 115
                                },
                                "label": {
                                    "font": "tiny",
                                    "justification": "left",
                                    "x": 2,
                                    "y": 20
                                },
                                "labelDisabled": false,
                                "location": {
                                    "height": 151,
                                    "width": 230,
                                    "x": 0,
                                    "y": 0
                                },
                                "obscurity": []
                            },
                            {
                                "data": {
                                    "font": "numberHot",
                                    "justification": "right",
                                    "width": 230,
                                    "x": 224,
                                    "y": 67
                                },
                                "label": {
                                    "font": "tiny",
                                    "justification": "left",
                                    "x": 2,
                                    "y": 20
                                },
                                "labelDisabled": false,
                                "location": {
                                    "height": 75,
                                    "width": 230,
                                    "x": 0,
                                    "y": 152
                                },
                                "obscurity": []
                            },
                            {
                                "data": {
                                    "font": "numberMedium",
                                    "justification": "right",
                                    "width": 115,
                                    "x": 109,
                                    "y": 67
                                },
                                "label": {
                                    "font": "tiny",
                                    "justification": "left",
                                    "x": 2,
                                    "y": 20
                                },
                                "labelDisabled": false,
                                "location": {
                                    "height": 75,
                                    "width": 114,
                                    "x": 0,
                                    "y": 228
                                },
                                "obscurity": []
                            },
                            {
                                "data": {
                                    "font": "numberMedium",
                                    "justification": "right",
                                    "width": 115,
                                    "x": 109,
                                    "y": 67
                                },
                                "label": {
                                    "font": "tiny",
                                    "justification": "left",
                                    "x": 2,
                                    "y": 20
                                },
                                "labelDisabled": false,
                                "location": {
                                    "height": 75,
                                    "width": 115,
                                    "x": 116,
                                    "y": 228
                                },
                                "obscurity": []
                            }
                        ],
                        "name": "4 Fields A"
                    },
                    {
                        "drawBorders": true,
                        "fields": [
                            {
                                "data": {
                                    "font": "numberHot",
                                    "justification": "right",
                                    "width": 230,
                                    "x": 224,
                                    "y": 67
                                },
                                "label": {
                                    "font": "tiny",
                                    "justification": "left",
                                    "x": 2,
                                    "y": 20
                                },
                                "labelDisabled": false,
                                "location": {
                                    "height": 75,
                                    "width": 230,
                                    "x": 0,
                                    "y": 0
                                },
                                "obscurity": []
                            },
                            {
                                "data": {
                                    "font": "numberHot",
                                    "justification": "right",
                                    "width": 230,
                                    "x": 224,
                                    "y": 67
                                },
                                "label": {
                                    "font": "tiny",
                                    "justification": "left",
                                    "x": 2,
                                    "y": 20
                                },
                                "labelDisabled": false,
                                "location": {
                                    "height": 75,
                                    "width": 230,
                                    "x": 0,
                                    "y": 76
                                },
                                "obscurity": []
                            },
                            {
                                "data": {
                                    "font": "numberHot",
                                    "justification": "right",
                                    "width": 230,
                                    "x": 224,
                                    "y": 67
                                },
                                "label": {
                                    "font": "tiny",
                                    "justification": "left",
                                    "x": 2,
                                    "y": 20
                                },
                                "labelDisabled": false,
                                "location": {
                                    "height": 75,
                                    "width": 230,
                                    "x": 0,
                                    "y": 152
                                },
                                "obscurity": []
                            },
                            {
                                "data": {
                                    "font": "numberHot",
                                    "justification": "right",
                                    "width": 230,
                                    "x": 224,
                                    "y": 67
                                },
                                "label": {
                                    "font": "tiny",
                                    "justification": "left",
                                    "x": 2,
                                    "y": 20
                                },
                                "labelDisabled": false,
                                "location": {
                                    "height": 75,
                                    "width": 230,
                                    "x": 0,
                                    "y": 228
                                },
                                "obscurity": []
                            }
                        ],
                        "name": "4 Fields B"
                    },
                    {
                        "drawBorders": true,
                        "fields": [
                            {
                                "data": {
                                    "font": "numberThaiHot",
                                    "justification": "right",
                                    "width": 230,
                                    "x": 224,
                                    "y": 115
                                },
                                "label": {
                                    "font": "tiny",
                                    "justification": "left",
                                    "x": 2,
                                    "y": 20
                                },
                                "labelDisabled": false,
                                "location": {
                                    "height": 151,
                                    "width": 230,
                                    "x": 0,
                                    "y": 0
                                },
                                "obscurity": []
                            },
                            {
                                "data": {
                                    "font": "numberMedium",
                                    "justification": "right",
                                    "width": 115,
                                    "x": 109,
                                    "y": 67
                                },
                                "label": {
                                    "font": "tiny",
                                    "justification": "left",
                                    "x": 2,
                                    "y": 20
                                },
                                "labelDisabled": false,
                                "location": {
                                    "height": 75,
                                    "width": 114,
                                    "x": 0,
                                    "y": 152
                                },
                                "obscurity": []
                            },
                            {
                                "data": {
                                    "font": "numberMedium",
                                    "justification": "right",
                                    "width": 115,
                                    "x": 109,
                                    "y": 67
                                },
                                "label": {
                                    "font": "tiny",
                                    "justification": "left",
                                    "x": 2,
                                    "y": 20
                                },
                                "labelDisabled": false,
                                "location": {
                                    "height": 75,
                                    "width": 115,
                                    "x": 115,
                                    "y": 152
                                },
                                "obscurity": []
                            },
                            {
                                "data": {
                                    "font": "numberMedium",
                                    "justification": "right",
                                    "width": 115,
                                    "x": 109,
                                    "y": 67
                                },
                                "label": {
                                    "font": "tiny",
                                    "justification": "left",
                                    "x": 2,
                                    "y": 20
                                },
                                "labelDisabled": false,
                                "location": {
                                    "height": 75,
                                    "width": 114,
                                    "x": 0,
                                    "y": 228
                                },
                                "obscurity": []
                            },
                            {
                                "data": {
                                    "font": "numberMedium",
                                    "justification": "right",
                                    "width": 115,
                                    "x": 109,
                                    "y": 67
                                },
                                "label": {
                                    "font": "tiny",
                                    "justification": "left",
                                    "x": 2,
                                    "y": 20
                                },
                                "labelDisabled": false,
                                "location": {
                                    "height": 75,
                                    "width": 115,
                                    "x": 115,
                                    "y": 228
                                },
                                "obscurity": []
                            }
                        ],
                        "name": "5 Fields A"
                    },
                    {
                        "drawBorders": true,
                        "fields": [
                            {
                                "data": {
                                    "font": "numberHot",
                                    "justification": "right",
                                    "width": 230,
                                    "x": 224,
                                    "y": 67
                                },
                                "label": {
                                    "font": "tiny",
                                    "justification": "left",
                                    "x": 2,
                                    "y": 20
                                },
                                "labelDisabled": false,
                                "location": {
                                    "height": 75,
                                    "width": 230,
                                    "x": 0,
                                    "y": 0
                                },
                                "obscurity": []
                            },
                            {
                                "data": {
                                    "font": "numberHot",
                                    "justification": "right",
                                    "width": 230,
                                    "x": 224,
                                    "y": 67
                                },
                                "label": {
                                    "font": "tiny",
                                    "justification": "left",
                                    "x": 2,
                                    "y": 20
                                },
                                "labelDisabled": false,
                                "location": {
                                    "height": 75,
                                    "width": 230,
                                    "x": 0,
                                    "y": 76
                                },
                                "obscurity": []
                            },
                            {
                                "data": {
                                    "font": "numberHot",
                                    "justification": "right",
                                    "width": 230,
                                    "x": 224,
                                    "y": 67
                                },
                                "label": {
                                    "font": "tiny",
                                    "justification": "left",
                                    "x": 2,
                                    "y": 20
                                },
                                "labelDisabled": false,
                                "location": {
                                    "height": 75,
                                    "width": 230,
                                    "x": 0,
                                    "y": 152
                                },
                                "obscurity": []
                            },
                            {
                                "data": {
                                    "font": "numberMedium",
                                    "justification": "right",
                                    "width": 115,
                                    "x": 109,
                                    "y": 67
                                },
                                "label": {
                                    "font": "tiny",
                                    "justification": "left",
                                    "x": 2,
                                    "y": 20
                                },
                                "labelDisabled": false,
                                "location": {
                                    "height": 75,
                                    "width": 114,
                                    "x": 0,
                                    "y": 228
                                },
                                "obscurity": []
                            },
                            {
                                "data": {
                                    "font": "numberMedium",
                                    "justification": "right",
                                    "width": 115,
                                    "x": 109,
                                    "y": 67
                                },
                                "label": {
                                    "font": "tiny",
                                    "justification": "left",
                                    "x": 2,
                                    "y": 20
                                },
                                "labelDisabled": false,
                                "location": {
                                    "height": 75,
                                    "width": 115,
                                    "x": 115,
                                    "y": 228
                                },
                                "obscurity": []
                            }
                        ],
                        "name": "5 Fields B"
                    },
                    {
                        "drawBorders": true,
                        "fields": [
                            {
                                "data": {
                                    "font": "numberHot",
                                    "justification": "right",
                                    "width": 230,
                                    "x": 224,
                                    "y": 67
                                },
                                "label": {
                                    "font": "tiny",
                                    "justification": "left",
                                    "x": 2,
                                    "y": 20
                                },
                                "labelDisabled": false,
                                "location": {
                                    "height": 75,
                                    "width": 230,
                                    "x": 0,
                                    "y": 0
                                },
                                "obscurity": []
                            },
                            {
                                "data": {
                                    "font": "numberHot",
                                    "justification": "right",
                                    "width": 230,
                                    "x": 224,
                                    "y": 67
                                },
                                "label": {
                                    "font": "tiny",
                                    "justification": "left",
                                    "x": 2,
                                    "y": 20
                                },
                                "labelDisabled": false,
                                "location": {
                                    "height": 75,
                                    "width": 230,
                                    "x": 0,
                                    "y": 76
                                },
                                "obscurity": []
                            },
                            {
                                "data": {
                                    "font": "numberMedium",
                                    "justification": "right",
                                    "width": 115,
                                    "x": 109,
                                    "y": 67
                                },
                                "label": {
                                    "font": "tiny",
                                    "justification": "left",
                                    "x": 2,
                                    "y": 20
                                },
                                "labelDisabled": false,
                                "location": {
                                    "height": 75,
                                    "width": 114,
                                    "x": 0,
                                    "y": 152
                                },
                                "obscurity": []
                            },
                            {
                                "data": {
                                    "font": "numberMedium",
                                    "justification": "right",
                                    "width": 115,
                                    "x": 109,
                                    "y": 67
                                },
                                "label": {
                                    "font": "tiny",
                                    "justification": "left",
                                    "x": 2,
                                    "y": 20
                                },
                                "labelDisabled": false,
                                "location": {
                                    "height": 75,
                                    "width": 115,
                                    "x": 115,
                                    "y": 152
                                },
                                "obscurity": []
                            },
                            {
                                "data": {
                                    "font": "numberMedium",
                                    "justification": "right",
                                    "width": 115,
                                    "x": 109,
                                    "y": 67
                                },
                                "label": {
                                    "font": "tiny",
                                    "justification": "left",
                                    "x": 2,
                                    "y": 20
                                },
                                "labelDisabled": false,
                                "location": {
                                    "height": 75,
                                    "width": 114,
                                    "x": 0,
                                    "y": 228
                                },
                                "obscurity": []
                            },
                            {
                                "data": {
                                    "font": "numberMedium",
                                    "justification": "right",
                                    "width": 115,
                                    "x": 109,
                                    "y": 67
                                },
                                "label": {
                                    "font": "tiny",
                                    "justification": "left",
                                    "x": 2,
                                    "y": 20
                                },
                                "labelDisabled": false,
                                "location": {
                                    "height": 75,
                                    "width": 115,
                                    "x": 115,
                                    "y": 228
                                },
                                "obscurity": []
                            }
                        ],
                        "name": "6 Fields"
                    },
                    {
                        "drawBorders": true,
                        "fields": [
                            {
                                "data": {
                                    "font": "numberHot",
                                    "justification": "right",
                                    "width": 230,
                                    "x": 224,
                                    "y": 67
                                },
                                "label": {
                                    "font": "tiny",
                                    "justification": "left",
                                    "x": 2,
                                    "y": 20
                                },
                                "labelDisabled": false,
                                "location": {
                                    "height": 75,
                                    "width": 230,
                                    "x": 0,
                                    "y": 0
                                },
                                "obscurity": []
                            },
                            {
                                "data": {
                                    "font": "numberMedium",
                                    "justification": "right",
                                    "width": 115,
                                    "x": 109,
                                    "y": 67
                                },
                                "label": {
                                    "font": "tiny",
                                    "justification": "left",
                                    "x": 2,
                                    "y": 20
                                },
                                "labelDisabled": false,
                                "location": {
                                    "height": 75,
                                    "width": 114,
                                    "x": 0,
                                    "y": 76
                                },
                                "obscurity": []
                            },
                            {
                                "data": {
                                    "font": "numberMedium",
                                    "justification": "right",
                                    "width": 115,
                                    "x": 109,
                                    "y": 67
                                },
                                "label": {
                                    "font": "tiny",
                                    "justification": "left",
                                    "x": 2,
                                    "y": 20
                                },
                                "labelDisabled": false,
                                "location": {
                                    "height": 75,
                                    "width": 115,
                                    "x": 115,
                                    "y": 76
                                },
                                "obscurity": []
                            },
                            {
                                "data": {
                                    "font": "numberMedium",
                                    "justification": "right",
                                    "width": 115,
                                    "x": 109,
                                    "y": 67
                                },
                                "label": {
                                    "font": "tiny",
                                    "justification": "left",
                                    "x": 2,
                                    "y": 20
                                },
                                "labelDisabled": false,
                                "location": {
                                    "height": 75,
                                    "width": 114,
                                    "x": 0,
                                    "y": 152
                                },
                                "obscurity": []
                            },
                            {
                                "data": {
                                    "font": "numberMedium",
                                    "justification": "right",
                                    "width": 115,
                                    "x": 109,
                                    "y": 67
                                },
                                "label": {
                                    "font": "tiny",
                                    "justification": "left",
                                    "x": 2,
                                    "y": 20
                                },
                                "labelDisabled": false,
                                "location": {
                                    "height": 75,
                                    "width": 115,
                                    "x": 115,
                                    "y": 152
                                },
                                "obscurity": []
                            },
                            {
                                "data": {
                                    "font": "numberMedium",
                                    "justification": "right",
                                    "width": 115,
                                    "x": 109,
                                    "y": 67
                                },
                                "label": {
                                    "font": "tiny",
                                    "justification": "left",
                                    "x": 2,
                                    "y": 20
                                },
                                "labelDisabled": false,
                                "location": {
                                    "height": 75,
                                    "width": 114,
                                    "x": 0,
                                    "y": 228
                                },
                                "obscurity": []
                            },
                            {
                                "data": {
                                    "font": "numberMedium",
                                    "justification": "right",
                                    "width": 115,
                                    "x": 109,
                                    "y": 67
                                },
                                "label": {
                                    "font": "tiny",
                                    "justification": "left",
                                    "x": 2,
                                    "y": 20
                                },
                                "labelDisabled": false,
                                "location": {
                                    "height": 75,
                                    "width": 115,
                                    "x": 115,
                                    "y": 228
                                },
                                "obscurity": []
                            }
                        ],
                        "name": "7 Fields"
                    },
                    {
                        "drawBorders": true,
                        "fields": [
                            {
                                "data": {
                                    "font": "numberMedium",
                                    "justification": "right",
                                    "width": 115,
                                    "x": 109,
                                    "y": 67
                                },
                                "label": {
                                    "font": "tiny",
                                    "justification": "left",
                                    "x": 2,
                                    "y": 20
                                },
                                "labelDisabled": false,
                                "location": {
                                    "height": 75,
                                    "width": 114,
                                    "x": 0,
                                    "y": 0
                                },
                                "obscurity": []
                            },
                            {
                                "data": {
                                    "font": "numberMedium",
                                    "justification": "right",
                                    "width": 115,
                                    "x": 109,
                                    "y": 67
                                },
                                "label": {
                                    "font": "tiny",
                                    "justification": "left",
                                    "x": 2,
                                    "y": 20
                                },
                                "labelDisabled": false,
                                "location": {
                                    "height": 75,
                                    "width": 115,
                                    "x": 115,
                                    "y": 0
                                },
                                "obscurity": []
                            },
                            {
                                "data": {
                                    "font": "numberMedium",
                                    "justification": "right",
                                    "width": 115,
                                    "x": 109,
                                    "y": 67
                                },
                                "label": {
                                    "font": "tiny",
                                    "justification": "left",
                                    "x": 2,
                                    "y": 20
                                },
                                "labelDisabled": false,
                                "location": {
                                    "height": 75,
                                    "width": 114,
                                    "x": 0,
                                    "y": 76
                                },
                                "obscurity": []
                            },
                            {
                                "data": {
                                    "font": "numberMedium",
                                    "justification": "right",
                                    "width": 115,
                                    "x": 109,
                                    "y": 67
                                },
                                "label": {
                                    "font": "tiny",
                                    "justification": "left",
                                    "x": 2,
                                    "y": 20
                                },
                                "labelDisabled": false,
                                "location": {
                                    "height": 75,
                                    "width": 115,
                                    "x": 115,
                                    "y": 76
                                },
                                "obscurity": []
                            },
                            {
                                "data": {
                                    "font": "numberMedium",
                                    "justification": "right",
                                    "width": 115,
                                    "x": 109,
                                    "y": 67
                                },
                                "label": {
                                    "font": "tiny",
                                    "justification": "left",
                                    "x": 2,
                                    "y": 20
                                },
                                "labelDisabled": false,
                                "location": {
                                    "height": 75,
                                    "width": 114,
                                    "x": 0,
                                    "y": 152
                                },
                                "obscurity": []
                            },
                            {
                                "data": {
                                    "font": "numberMedium",
                                    "justification": "right",
                                    "width": 115,
                                    "x": 109,
                                    "y": 67
                                },
                                "label": {
                                    "font": "tiny",
                                    "justification": "left",
                                    "x": 2,
                                    "y": 20
                                },
                                "labelDisabled": false,
                                "location": {
                                    "height": 75,
                                    "width": 115,
                                    "x": 115,
                                    "y": 152
                                },
                                "obscurity": []
                            },
                            {
                                "data": {
                                    "font": "numberMedium",
                                    "justification": "right",
                                    "width": 115,
                                    "x": 109,
                                    "y": 67
                                },
                                "label": {
                                    "font": "tiny",
                                    "justification": "left",
                                    "x": 2,
                                    "y": 20
                                },
                                "labelDisabled": false,
                                "location": {
                                    "height": 75,
                                    "width": 114,
                                    "x": 0,
                                    "y": 228
                                },
                                "obscurity": []
                            },
                            {
                                "data": {
                                    "font": "numberMedium",
                                    "justification": "right",
                                    "width": 115,
                                    "x": 109,
                                    "y": 67
                                },
                                "label": {
                                    "font": "tiny",
                                    "justification": "left",
                                    "x": 2,
                                    "y": 20
                                },
                                "labelDisabled": false,
                                "location": {
                                    "height": 75,
                                    "width": 115,
                                    "x": 115,
                                    "y": 228
                                },
                                "obscurity": []
                            }
                        ],
                        "name": "8 Fields"
                    }
                ]
            },
            "orientation": "portrait"
        }
    ],
    "watchdogCount": 80000
}