{
    "appStorageCapacity": 131072,
    "display": {
        "behaviors": [],
        "isTouch": false,
        "landscapeOrientation": 0,
        "location": {
            "height": 156,
            "width": 163,
            "x": 88,
            "y": 169
        },
        "shape": "semi-octagon"
    },
    "fonts": [
        {
            "fontSet": "ww",
            "fonts": [
                {
                    "filename": "FNT_006B388900_CDPG_ROBOTO_15M",
                    "name": "xtiny"
                },
                {
                    "filename": "FNT_006B388900_CDPG_ROBOTO_15M",
                    "name": "tiny"
                },
                {
                    "filename": "FNT_006B388900_CDPG_ROBOTO_18M",
                    "name": "small"
                },
                {
                    "filename": "FNT_006B388900_CDPG_ROBOTO_20M",
                    "name": "medium"
                },
                {
                    "filename": "FNT_006B388900_CDPG_ROBOTO_23B",
                    "name": "large"
                },
                {
                    "filename": "FNT_006B388900_0000_GARMIN_20",
                    "name": "numberMild"
                },
                {
                    "filename": "FNT_006B388900_0000_GARMIN_32",
                    "name": "numberMedium"
                },
                {
                    "filename": "FNT_006B388900_0000_GARMIN_30",
                    "name": "numberHot"
                },
                {
                    "filename": "FNT_006B388900_0000_GARMIN_41",
                    "name": "numberThaiHot"
                },
                {
                    "filename": "FNT_006B388900_CDPG_ROBOTO_18M",
                    "name": "glanceFont"
                },
                {
                    "filename": "FNT_006B388900_0000_GARMIN_16",
                    "name": "glanceNumberFont"
                }
            ]
        },
        {
            "fontSet": "apac_chn",
            "fonts": [
                {
                    "filename": "FNT_NOTO_SANS_SC_MEDIUM-94_16",
                    "name": "xtiny"
                },
                {
                    "filename": "FNT_NOTO_SANS_SC_MEDIUM-94_16",
                    "name": "tiny"
                },
                {
                    "filename": "FNT_NOTO_SANS_SC_MEDIUM-94_17",
                    "name": "small"
                },
                {
                    "filename": "FNT_NOTO_SANS_SC_MEDIUM-94_20",
                    "name": "medium"
                },
                {
                    "filename": "FNT_NOTO_SANS_SC_BOLD_94_CHN_22",
                    "name": "large"
                },
                {
                    "filename": "FNT_006B388900_0000_GARMIN_20",
                    "name": "numberMild"
                },
                {
                    "filename": "FNT_006B388900_0000_GARMIN_32",
                    "name": "numberMedium"
                },
                {
                    "filename": "FNT_006B388900_0000_GARMIN_30",
                    "name": "numberHot"
                },
                {
                    "filename": "FNT_006B388900_0000_GARMIN_41",
                    "name": "numberThaiHot"
                },
                {
                    "filename": "FNT_NOTO_SANS_SC_MEDIUM-94_16",
                    "name": "systemXtiny"
                },
                {
                    "filename": "FNT_NOTO_SANS_SC_MEDIUM-94_16",
                    "name": "systemTiny"
                },
                {
                    "filename": "FNT_NOTO_SANS_SC_MEDIUM-94_17",
                    "name": "systemSmall"
                },
                {
                    "filename": "FNT_NOTO_SANS_SC_MEDIUM-94_20",
                    "name": "systemMedium"
                },
                {
                    "filename": "FNT_NOTO_SANS_SC_BOLD_94_CHN_22",
                    "name": "systemLarge"
                },
                {
                    "filename": "FNT_006B388900_0000_GARMIN_20",
                    "name": "systemNumberMild"
                },
                {
                    "filename": "FNT_006B388900_0000_GARMIN_32",
                    "name": "systemNumberMedium"
                },
                {
                    "filename": "FNT_006B388900_0000_GARMIN_30",
                    "name": "systemNumberHot"
                },
                {
                    "filename": "FNT_006B388900_0000_GARMIN_41",
                    "name": "systemNumberThaiHot"
                }
            ]
        },
        {
            "fontSet": "apac_twn",
            "fonts": [
                {
                    "filename": "FNT_NOTO_SANS_SC_MEDIUM-94_16",
                    "name": "xtiny"
                },
                {
                    "filename": "FNT_NOTO_SANS_SC_MEDIUM-94_16",
                    "name": "tiny"
                },
                {
                    "filename": "FNT_NOTO_SANS_SC_MEDIUM-94_17",
                    "name": "small"
                },
                {
                    "filename": "FNT_NOTO_SANS_SC_MEDIUM-94_20",
                    "name": "medium"
                },
                {
                    "filename": "FNT_NOTO_SANS_SC_BOLD_94_CHN_22",
                    "name": "large"
                },
                {
                    "filename": "FNT_006B388900_0000_GARMIN_20",
                    "name": "numberMild"
                },
                {
                    "filename": "FNT_006B388900_0000_GARMIN_32",
                    "name": "numberMedium"
                },
                {
                    "filename": "FNT_006B388900_0000_GARMIN_30",
                    "name": "numberHot"
                },
                {
                    "filename": "FNT_006B388900_0000_GARMIN_41",
                    "name": "numberThaiHot"
                },
                {
                    "filename": "FNT_NOTO_SANS_SC_MEDIUM-94_16",
                    "name": "systemXtiny"
                },
                {
                    "filename": "FNT_NOTO_SANS_SC_MEDIUM-94_16",
                    "name": "systemTiny"
                },
                {
                    "filename": "FNT_NOTO_SANS_SC_MEDIUM-94_17",
                    "name": "systemSmall"
                },
                {
                    "filename": "FNT_NOTO_SANS_SC_MEDIUM-94_20",
                    "name": "systemMedium"
                },
                {
                    "filename": "FNT_NOTO_SANS_SC_BOLD_94_CHN_22",
                    "name": "systemLarge"
                },
                {
                    "filename": "FNT_006B388900_0000_GARMIN_20",
                    "name": "systemNumberMild"
                },
                {
                    "filename": "FNT_006B388900_0000_GARMIN_32",
                    "name": "systemNumberMedium"
                },
                {
                    "filename": "FNT_006B388900_0000_GARMIN_30",
                    "name": "systemNumberHot"
                },
                {
                    "filename": "FNT_006B388900_0000_GARMIN_41",
                    "name": "systemNumberThaiHot"
                }
            ]
        },
        {
            "fontSet": "apac_jpn",
            "fonts": [
                {
                    "filename": "FNT_KOSUGI_REGULAR-94_JPN_16",
                    "name": "xtiny"
                },
                {
                    "filename": "FNT_KOSUGI_REGULAR-94_JPN_16",
                    "name": "tiny"
                },
                {
                    "filename": "FNT_KOSUGI_REGULAR-94_JPN_17",
                    "name": "small"
                },
                {
                    "filename": "FNT_KOSUGI_REGULAR-94_JPN_20",
                    "name": "medium"
                },
                {
                    "filename": "FNT_KOSUGI_REGULAR-94_JPN_22B",
                    "name": "large"
                },
                {
                    "filename": "FNT_006B388900_0000_GARMIN_20",
                    "name": "numberMild"
                },
                {
                    "filename": "FNT_006B388900_0000_GARMIN_32",
                    "name": "numberMedium"
                },
                {
                    "filename": "FNT_006B388900_0000_GARMIN_30",
                    "name": "numberHot"
                },
                {
                    "filename": "FNT_006B388900_0000_GARMIN_41",
                    "name": "numberThaiHot"
                },
                {
                    "filename": "FNT_KOSUGI_REGULAR-94_JPN_16",
                    "name": "systemXtiny"
                },
                {
                    "filename": "FNT_KOSUGI_REGULAR-94_JPN_16",
                    "name": "systemTiny"
                },
                {
                    "filename": "FNT_KOSUGI_REGULAR-94_JPN_17",
                    "name": "systemSmall"
                },
                {
                    "filename": "FNT_KOSUGI_REGULAR-94_JPN_20",
                    "name": "systemMedium"
                },
                {
                    "filename": "FNT_KOSUGI_REGULAR-94_JPN_22B",
                    "name": "systemLarge"
                },
                {
                    "filename": "FNT_006B388900_0000_GARMIN_20",
                    "name": "systemNumberMild"
                },
                {
                    "filename": "FNT_006B388900_0000_GARMIN_32",
                    "name": "systemNumberMedium"
                },
                {
                    "filename": "FNT_006B388900_0000_GARMIN_30",
                    "name": "systemNumberHot"
                },
                {
                    "filename": "FNT_006B388900_0000_GARMIN_41",
                    "name": "systemNumberThaiHot"
                }
            ]
        },
        {
            "fontSet": "apac_kor",
            "fonts": [
                {
                    "filename": "FNT_NANUM_GOTHIC_BOLD-94_KOR_16",
                    "name": "xtiny"
                },
                {
                    "filename": "FNT_NANUM_GOTHIC_BOLD-94_KOR_16",
                    "name": "tiny"
                },
                {
                    "filename": "FNT_NANUM_GOTHIC_BOLD-94_KOR_17",
                    "name": "small"
                },
                {
                    "filename": "FNT_NANUM_GOTHIC_BOLD-94_KOR_20",
                    "name": "medium"
                },
                {
                    "filename": "FNT_NANUM_GOTHIC_BOLD_KOR_22B",
                    "name": "large"
                },
                {
                    "filename": "FNT_006B388900_0000_GARMIN_20",
                    "name": "numberMild"
                },
                {
                    "filename": "FNT_006B388900_0000_GARMIN_32",
                    "name": "numberMedium"
                },
                {
                    "filename": "FNT_006B388900_0000_GARMIN_30",
                    "name": "numberHot"
                },
                {
                    "filename": "FNT_006B388900_0000_GARMIN_41",
                    "name": "numberThaiHot"
                },
                {
                    "filename": "FNT_NANUM_GOTHIC_BOLD-94_KOR_16",
                    "name": "systemXtiny"
                },
                {
                    "filename": "FNT_NANUM_GOTHIC_BOLD-94_KOR_16",
                    "name": "systemTiny"
                },
                {
                    "filename": "FNT_NANUM_GOTHIC_BOLD-94_KOR_17",
                    "name": "systemSmall"
                },
                {
                    "filename": "FNT_NANUM_GOTHIC_BOLD-94_KOR_20",
                    "name": "systemMedium"
                },
                {
                    "filename": "FNT_NANUM_GOTHIC_BOLD_KOR_22B",
                    "name": "systemLarge"
                },
                {
                    "filename": "FNT_006B388900_0000_GARMIN_20",
                    "name": "systemNumberMild"
                },
                {
                    "filename": "FNT_006B388900_0000_GARMIN_32",
                    "name": "systemNumberMedium"
                },
                {
                    "filename": "FNT_006B388900_0000_GARMIN_30",
                    "name": "systemNumberHot"
                },
                {
                    "filename": "FNT_006B388900_0000_GARMIN_41",
                    "name": "systemNumberThaiHot"
                }
            ]
        },
        {
            "fontSet": "apac_vie",
            "fonts": [
                {
                    "filename": "FNT_ROBOTO_MEDIUM_VIET_16",
                    "name": "xtiny"
                },
                {
                    "filename": "FNT_ROBOTO_MEDIUM_VIET_16",
                    "name": "tiny"
                },
                {
                    "filename": "FNT_ROBOTO_MEDIUM_VIET_18",
                    "name": "small"
                },
                {
                    "filename": "FNT_ROBOTO_MEDIUM_VIET_20",
                    "name": "medium"
                },
                {
                    "filename": "FNT_ROBOTO_CONDENSED_BOLD_VIET_23B",
                    "name": "large"
                },
                {
                    "filename": "FNT_006B388900_0000_GARMIN_20",
                    "name": "numberMild"
                },
                {
                    "filename": "FNT_006B388900_0000_GARMIN_32",
                    "name": "numberMedium"
                },
                {
                    "filename": "FNT_006B388900_0000_GARMIN_30",
                    "name": "numberHot"
                },
                {
                    "filename": "FNT_006B388900_0000_GARMIN_41",
                    "name": "numberThaiHot"
                },
                {
                    "filename": "FNT_ROBOTO_MEDIUM_VIET_16",
                    "name": "systemXtiny"
                },
                {
                    "filename": "FNT_ROBOTO_MEDIUM_VIET_16",
                    "name": "systemTiny"
                },
                {
                    "filename": "FNT_ROBOTO_MEDIUM_VIET_18",
                    "name": "systemSmall"
                },
                {
                    "filename": "FNT_ROBOTO_MEDIUM_VIET_20",
                    "name": "systemMedium"
                },
                {
                    "filename": "FNT_ROBOTO_CONDENSED_BOLD_VIET_23B",
                    "name": "systemLarge"
                },
                {
                    "filename": "FNT_006B388900_0000_GARMIN_20",
                    "name": "systemNumberMild"
                },
                {
                    "filename": "FNT_006B388900_0000_GARMIN_32",
                    "name": "systemNumberMedium"
                },
                {
                    "filename": "FNT_006B388900_0000_GARMIN_30",
                    "name": "systemNumberHot"
                },
                {
                    "filename": "FNT_006B388900_0000_GARMIN_41",
                    "name": "systemNumberThaiHot"
                }
            ]
        },
        {
            "fontSet": "apac_tha",
            "fonts": [
                {
                    "filename": "bitstreamVeraSans 16",
                    "name": "xtiny"
                },
                {
                    "filename": "bitstreamVeraSans 16",
                    "name": "tiny"
                },
                {
                    "filename": "bitstreamVeraSans 16",
                    "name": "small"
                },
                {
                    "filename": "bitstreamVeraSans 21",
                    "name": "medium"
                },
                {
                    "filename": "bitstreamVeraSans 27",
                    "name": "large"
                },
                {
                    "filename": "FNT_006B388900_0000_GARMIN_20",
                    "name": "numberMild"
                },
                {
                    "filename": "FNT_006B388900_0000_GARMIN_32",
                    "name": "numberMedium"
                },
                {
                    "filename": "FNT_006B388900_0000_GARMIN_30",
                    "name": "numberHot"
                },
                {
                    "filename": "FNT_006B388900_0000_GARMIN_41",
                    "name": "numberThaiHot"
                },
                {
                    "filename": "bitstreamVeraSans 16",
                    "name": "systemXtiny"
                },
                {
                    "filename": "bitstreamVeraSans 16",
                    "name": "systemTiny"
                },
                {
                    "filename": "bitstreamVeraSans 16",
                    "name": "systemSmall"
                },
                {
                    "filename": "bitstreamVeraSans 21",
                    "name": "systemMedium"
                },
                {
                    "filename": "bitstreamVeraSans 27",
                    "name": "systemLarge"
                },
                {
                    "filename": "FNT_006B388900_0000_GARMIN_20",
                    "name": "systemNumberMild"
                },
                {
                    "filename": "FNT_006B388900_0000_GARMIN_32",
                    "name": "systemNumberMedium"
                },
                {
                    "filename": "FNT_006B388900_0000_GARMIN_30",
                    "name": "systemNumberHot"
                },
                {
                    "filename": "FNT_006B388900_0000_GARMIN_41",
                    "name": "systemNumberThaiHot"
                }
            ]
        }
    ],
    "glance": {
        "contentArea": {
            "height": 62,
            "width": 144,
            "x": 9,
            "y": 6
        },
        "liveUpdates": false
    },
    "image": "instinct2s.png",
    "keys": [
        {
            "behavior": "onSelect",
            "id": "enter",
            "location": {
                "height": 70,
                "width": 34,
                "x": 306,
                "y": 152
            }
        },
        {
            "behavior": "previousPage",
            "id": "up",
            "location": {
                "height": 61,
                "width": 24,
                "x": 0,
                "y": 217
            }
        },
        {
            "behavior": "onMenu",
            "id": "menu",
            "isHold": true,
            "location": {
                "height": 61,
                "width": 24,
                "x": 0,
                "y": 217
            }
        },
        {
            "behavior": "nextPage",
            "id": "down",
            "location": {
                "height": 71,
                "width": 49,
                "x": 8,
                "y": 284
            }
        },
        {
            "behavior": "onBack",
            "id": "esc",
            "location": {
                "height": 68,
                "width": 34,
                "x": 306,
                "y": 272
            }
        }
    ],
    "layouts": [
        {
            "datafields": {
                "datafields": [
                    {
                        "drawBorders": true,
                        "fields": [
                            {
                                "data": {
                                    "font": "numberMedium",
                                    "justification": "center",
                                    "width": 97,
                                    "x": 46,
                                    "y": 43
                                },
                                "label": {
                                    "font": "xtiny",
                                    "justification": "center",
                                    "x": 59,
                                    "y": 16
                                },
                                "labelDisabled": false,
                                "location": {
                                    "height": 64,
                                    "width": 104,
                                    "x": 0,
                                    "y": 0
                                },
                                "obscurity": [
                                    "left",
                                    "top"
                                ]
                            }
                        ],
                        "name": "1 Field"
                    },
                    {
                        "drawBorders": true,
                        "fields": [
                            {
                                "data": {
                                    "font": "numberThaiHot",
                                    "justification": "center",
                                    "width": 150,
                                    "x": 83,
                                    "y": 107
                                },
                                "label": {
                                    "font": "small",
                                    "justification": "center",
                                    "x": 49,
                                    "y": 51
                                },
                                "labelDisabled": false,
                                "location": {
                                    "height": 156,
                                    "width": 156,
                                    "x": 0,
                                    "y": 0
                                },
                                "obscurity": [
                                    "left",
                                    "top",
                                    "right",
                                    "bottom"
                                ]
                            },
                            {
                                "data": {
                                    "font": "numberMild",
                                    "justification": "center",
                                    "width": 48,
                                    "x": 30,
                                    "y": 35
                                },
                                "labelDisabled": true,
                                "location": {
                                    "height": 54,
                                    "width": 54,
                                    "x": 109,
                                    "y": 0
                                },
                                "obscurity": [
                                    "left",
                                    "top",
                                    "right",
                                    "bottom"
                                ]
                            }
                        ],
                        "name": "2 Fields"
                    },
                    {
                        "drawBorders": true,
                        "fields": [
                            {
                                "data": {
                                    "font": "numberHot",
                                    "justification": "center",
                                    "width": 86,
                                    "x": 48,
                                    "y": 53
                                },
                                "label": {
                                    "font": "xtiny",
                                    "justification": "center",
                                    "x": 57,
                                    "y": 16
                                },
                                "labelDisabled": false,
                                "location": {
                                    "height": 64,
                                    "width": 93,
                                    "x": 0,
                                    "y": 0
                                },
                                "obscurity": [
                                    "left",
                                    "top"
                                ]
                            },
                            {
                                "data": {
                                    "font": "numberThaiHot",
                                    "justification": "center",
                                    "width": 150,
                                    "x": 83,
                                    "y": 51
                                },
                                "label": {
                                    "font": "xtiny",
                                    "justification": "center",
                                    "x": 83,
                                    "y": 13
                                },
                                "labelDisabled": false,
                                "location": {
                                    "height": 92,
                                    "width": 156,
                                    "x": 0,
                                    "y": 64
                                },
                                "obscurity": [
                                    "left",
                                    "right",
                                    "bottom"
                                ]
                            },
                            {
                                "data": {
                                    "font": "numberMild",
                                    "justification": "center",
                                    "width": 48,
                                    "x": 30,
                                    "y": 35
                                },
                                "labelDisabled": true,
                                "location": {
                                    "height": 54,
                                    "width": 54,
                                    "x": 109,
                                    "y": 0
                                },
                                "obscurity": [
                                    "left",
                                    "top",
                                    "right",
                                    "bottom"
                                ]
                            }
                        ],
                        "name": "3 Fields"
                    },
                    {
                        "drawBorders": true,
                        "fields": [
                            {
                                "data": {
                                    "font": "numberHot",
                                    "justification": "center",
                                    "width": 86,
                                    "x": 46,
                                    "y": 44
                                },
                                "label": {
                                    "font": "xtiny",
                                    "justification": "center",
                                    "x": 57,
                                    "y": 16
                                },
                                "labelDisabled": false,
                                "location": {
                                    "height": 49,
                                    "width": 93,
                                    "x": 0,
                                    "y": 0
                                },
                                "obscurity": [
                                    "left",
                                    "top"
                                ]
                            },
                            {
                                "data": {
                                    "font": "numberHot",
                                    "justification": "center",
                                    "width": 159,
                                    "x": 83,
                                    "y": 49
                                },
                                "label": {
                                    "font": "xtiny",
                                    "justification": "center",
                                    "x": 75,
                                    "y": 11
                                },
                                "labelDisabled": false,
                                "location": {
                                    "height": 57,
                                    "width": 156,
                                    "x": 0,
                                    "y": 50
                                },
                                "obscurity": []
                            },
                            {
                                "data": {
                                    "font": "numberHot",
                                    "justification": "center",
                                    "width": 159,
                                    "x": 82,
                                    "y": 40
                                },
                                "label": {
                                    "font": "xtiny",
                                    "justification": "center",
                                    "x": 82,
                                    "y": 11
                                },
                                "labelDisabled": false,
                                "location": {
                                    "height": 48,
                                    "width": 156,
                                    "x": 0,
                                    "y": 108
                                },
                                "obscurity": [
                                    "left",
                                    "right",
                                    "bottom"
                                ]
                            },
                            {
                                "data": {
                                    "font": "numberMild",
                                    "justification": "center",
                                    "width": 48,
                                    "x": 30,
                                    "y": 35
                                },
                                "labelDisabled": true,
                                "location": {
                                    "height": 54,
                                    "width": 54,
                                    "x": 109,
                                    "y": 0
                                },
                                "obscurity": [
                                    "left",
                                    "top",
                                    "right",
                                    "bottom"
                                ]
                            }
                        ],
                        "name": "4 Fields A"
                    },
                    {
                        "drawBorders": true,
                        "fields": [
                            {
                                "data": {
                                    "font": "numberHot",
                                    "justification": "center",
                                    "width": 86,
                                    "x": 48,
                                    "y": 53
                                },
                                "label": {
                                    "font": "xtiny",
                                    "justification": "center",
                                    "x": 57,
                                    "y": 18
                                },
                                "labelDisabled": false,
                                "location": {
                                    "height": 64,
                                    "width": 93,
                                    "x": 0,
                                    "y": 0
                                },
                                "obscurity": [
                                    "left",
                                    "top"
                                ]
                            },
                            {
                                "data": {
                                    "font": "numberHot",
                                    "justification": "center",
                                    "width": 76,
                                    "x": 41,
                                    "y": 46
                                },
                                "label": {
                                    "font": "xtiny",
                                    "justification": "center",
                                    "x": 42,
                                    "y": 18
                                },
                                "labelDisabled": false,
                                "location": {
                                    "height": 92,
                                    "width": 78,
                                    "x": 0,
                                    "y": 64
                                },
                                "obscurity": [
                                    "left",
                                    "bottom"
                                ]
                            },
                            {
                                "data": {
                                    "font": "numberHot",
                                    "justification": "center",
                                    "width": 76,
                                    "x": 41,
                                    "y": 46
                                },
                                "label": {
                                    "font": "xtiny",
                                    "justification": "center",
                                    "x": 42,
                                    "y": 18
                                },
                                "labelDisabled": false,
                                "location": {
                                    "height": 92,
                                    "width": 78,
                                    "x": 78,
                                    "y": 64
                                },
                                "obscurity": [
                                    "right",
                                    "bottom"
                                ]
                            },
                            {
                                "data": {
                                    "font": "numberMild",
                                    "justification": "center",
                                    "width": 48,
                                    "x": 30,
                                    "y": 35
                                },
                                "labelDisabled": true,
                                "location": {
                                    "height": 54,
                                    "width": 54,
                                    "x": 109,
                                    "y": 0
                                },
                                "obscurity": [
                                    "left",
                                    "top",
                                    "right",
                                    "bottom"
                                ]
                            }
                        ],
                        "name": "4 Fields B"
                    },
                    {
                        "drawBorders": true,
                        "fields": [
                            {
                                "data": {
                                    "font": "numberHot",
                                    "justification": "center",
                                    "width": 86,
                                    "x": 48,
                                    "y": 53
                                },
                                "label": {
                                    "font": "xtiny",
                                    "justification": "center",
                                    "x": 57,
                                    "y": 16
                                },
                                "labelDisabled": false,
                                "location": {
                                    "height": 64,
                                    "width": 93,
                                    "x": 0,
                                    "y": 0
                                },
                                "obscurity": [
                                    "left",
                                    "top"
                                ]
                            },
                            {
                                "data": {
                                    "font": "numberHot",
                                    "justification": "center",
                                    "width": 74,
                                    "x": 41,
                                    "y": 46
                                },
                                "label": {
                                    "font": "xtiny",
                                    "justification": "center",
                                    "x": 39,
                                    "y": 16
                                },
                                "labelDisabled": false,
                                "location": {
                                    "height": 66,
                                    "width": 78,
                                    "x": 0,
                                    "y": 65
                                },
                                "obscurity": []
                            },
                            {
                                "data": {
                                    "font": "numberHot",
                                    "justification": "center",
                                    "width": 74,
                                    "x": 41,
                                    "y": 46
                                },
                                "label": {
                                    "font": "xtiny",
                                    "justification": "center",
                                    "x": 39,
                                    "y": 16
                                },
                                "labelDisabled": false,
                                "location": {
                                    "height": 66,
                                    "width": 78,
                                    "x": 78,
                                    "y": 65
                                },
                                "obscurity": []
                            },
                            {
                                "data": {
                                    "font": "large",
                                    "justification": "center",
                                    "width": 92,
                                    "x": 48,
                                    "y": 16
                                },
                                "labelDisabled": true,
                                "location": {
                                    "height": 24,
                                    "width": 96,
                                    "x": 30,
                                    "y": 131
                                },
                                "obscurity": []
                            },
                            {
                                "data": {
                                    "font": "numberMild",
                                    "justification": "center",
                                    "width": 48,
                                    "x": 30,
                                    "y": 35
                                },
                                "labelDisabled": true,
                                "location": {
                                    "height": 54,
                                    "width": 54,
                                    "x": 109,
                                    "y": 0
                                },
                                "obscurity": [
                                    "left",
                                    "top",
                                    "right",
                                    "bottom"
                                ]
                            }
                        ],
                        "name": "5 Fields"
                    }
                ]
            },
            "menu2": {
                "customTitle": {
                    "height": 54,
                    "width": 163,
                    "x": 6,
                    "y": 1
                },
                "doneButtons": {
                    "bottom": true,
                    "top": true
                },
                "items": {
                    "checks": [
                        {
                            "alignment": "left",
                            "disabledIconFile": "menu2_check_off.png",
                            "enabledIconFile": "menu2_check_on.png",
                            "x": 9,
                            "y": 34
                        },
                        {
                            "alignment": "right",
                            "disabledIconFile": "menu2_check_off.png",
                            "enabledIconFile": "menu2_check_on.png",
                            "x": 134,
                            "y": 34
                        }
                    ],
                    "icons": {
                        "check": "left",
                        "icon": "left",
                        "leftLocation": {
                            "height": 15,
                            "width": 22,
                            "x": 9,
                            "y": 39
                        },
                        "rightLocation": {
                            "height": 15,
                            "width": 22,
                            "x": 134,
                            "y": 39
                        },
                        "toggle": "right"
                    },
                    "item": {
                        "height": 54,
                        "labelFont": "large",
                        "subLabelFont": "small",
                        "width": 163
                    },
                    "region": {
                        "height": 60,
                        "width": 163,
                        "x": 0,
                        "y": 61
                    },
                    "stringWidths": {
                        "basic": 158,
                        "check": 126,
                        "icon": 124,
                        "toggle": 105
                    },
                    "subItem": {
                        "height": 61,
                        "labelFont": "small",
                        "labelWidth": 93,
                        "yOffset": 2
                    },
                    "toggles": [
                        {
                            "alignment": "left",
                            "disabledIconFile": "menu2_toggle_off.png",
                            "enabledIconFile": "menu2_toggle_on.png",
                            "x": 7,
                            "y": 39
                        },
                        {
                            "alignment": "right",
                            "disabledIconFile": "menu2_toggle_off.png",
                            "enabledIconFile": "menu2_toggle_on.png",
                            "x": 122,
                            "y": 39
                        }
                    ]
                },
                "mode": "threeItem",
                "title": {
                    "height": 57,
                    "width": 163,
                    "x": 0,
                    "y": 0
                },
                "titleString": {
                    "font": "medium",
                    "width": 93,
                    "x": 52,
                    "y": 30
                }
            },
            "orientation": "portrait",
            "picker": {
                "entries": [
                    {
                        "height": 75,
                        "width": 43,
                        "x": 8,
                        "y": 64
                    },
                    {
                        "height": 75,
                        "width": 43,
                        "x": 61,
                        "y": 64
                    },
                    {
                        "height": 75,
                        "width": 43,
                        "x": 113,
                        "y": 64
                    }
                ],
                "nextArrow": {
                    "display_size": {
                        "height": 9,
                        "width": 14
                    },
                    "height": 18,
                    "width": 45,
                    "x": 61,
                    "y": 45
                },
                "previousArrow": {
                    "display_size": {
                        "height": 9,
                        "width": 14
                    },
                    "height": 18,
                    "width": 45,
                    "x": 61,
                    "y": 139
                },
                "title": {
                    "height": 24,
                    "width": 158,
                    "x": 3,
                    "y": 21
                }
            }
        }
    ],
    "sensorHistory": [
        {
            "interval": 120,
            "size": 180,
            "type": "elevation"
        },
        {
            "interval": 60,
            "size": 360,
            "type": "heartrate"
        },
        {
            "interval": 120,
            "size": 180,
            "type": "pressure"
        },
        {
            "interval": 120,
            "size": 180,
            "type": "temperature"
        }
    ],
    "subscreen": {
        "location": {
            "height": 54,
            "width": 54,
            "x": 196,
            "y": 169
        }
    },
    "watchdogCount": 120000
}