{
    "alphaBlendingSupport": true,
    "appTypes": [
        {
            "memoryLimit": 131072,
            "type": "watchFace"
        },
        {
            "memoryLimit": 786432,
            "type": "watchApp"
        },
        {
            "memoryLimit": 65536,
            "type": "glance"
        },
        {
            "memoryLimit": 262144,
            "type": "datafield"
        },
        {
            "memoryLimit": 65536,
            "type": "background"
        }
    ],
    "bitsPerPixel": 16,
    "complicationIcon": {
        "height": 40,
        "width": 40
    },
    "deviceFamily": "rectangle-320x360",
    "deviceGroup": "API level 5.0",
    "deviceId": "venusq2",
    "deviceVersion": "8fc30743a4191ec19bcafa28e3ffcc2b5a958a17",
    "displayName": "Venu® Sq 2",
    "displayType": "amoled",
    "faceIt": {
        "analogHandles": [
            "style1",
            "style2",
            "style3",
            "style4",
            "style5"
        ],
        "digitalFonts": [
            "sourceSansPro",
            "leagueGothic",
            "notoSansCJKTC",
            "qumpellkaNO12"
        ],
        "fontColors": [
            "00000000",
            "FFAA00",
            "FF5500",
            "FF0000",
            "AA0000",
            "00FF00",
            "00AA00",
            "00AAFF",
            "5500AA",
            "FF00FF"
        ],
        "templates": [
            "squareAnalogTemplate1",
            "squareDigitalTemplate1",
            "squareAnalogTemplate2",
            "squareDigitalTemplate2",
            "squareAnalogTemplate3",
            "squareDigitalTemplate3",
            "squareAnalogTemplate4",
            "squareDigitalTemplate4"
        ]
    },
    "hardwarePartNumber": "010-02701-00",
    "imageUrl": "https://res.garmin.com/en/products/010-02701-00/v/cf-sm.jpg",
    "launcherIcon": {
        "height": 40,
        "width": 40
    },
    "orientation": 0,
    "partNumbers": [
        {
            "connectIQVersion": "5.0.0",
            "firmwareVersion": 266,
            "languages": [
                {
                    "code": "dan",
                    "fontSet": "ww"
                },
                {
                    "code": "dut",
                    "fontSet": "ww"
                },
                {
                    "code": "eng",
                    "fontSet": "ww"
                },
                {
                    "code": "fin",
                    "fontSet": "ww"
                },
                {
                    "code": "fre",
                    "fontSet": "ww"
                },
                {
                    "code": "deu",
                    "fontSet": "ww"
                },
                {
                    "code": "ita",
                    "fontSet": "ww"
                },
                {
                    "code": "nob",
                    "fontSet": "ww"
                },
                {
                    "code": "spa",
                    "fontSet": "ww"
                },
                {
                    "code": "swe",
                    "fontSet": "ww"
                },
                {
                    "code": "por",
                    "fontSet": "ww"
                },
                {
                    "code": "rus",
                    "fontSet": "ww"
                },
                {
                    "code": "ces",
                    "fontSet": "ww"
                },
                {
                    "code": "hun",
                    "fontSet": "ww"
                },
                {
                    "code": "pol",
                    "fontSet": "ww"
                },
                {
                    "code": "slo",
                    "fontSet": "ww"
                },
                {
                    "code": "heb",
                    "fontSet": "ww"
                },
                {
                    "code": "est",
                    "fontSet": "ww"
                },
                {
                    "code": "lav",
                    "fontSet": "ww"
                },
                {
                    "code": "lit",
                    "fontSet": "ww"
                },
                {
                    "code": "ukr",
                    "fontSet": "ww"
                },
                {
                    "code": "gre",
                    "fontSet": "ww"
                },
                {
                    "code": "ara",
                    "fontSet": "ww"
                },
                {
                    "code": "tur",
                    "fontSet": "ww"
                },
                {
                    "code": "hrv",
                    "fontSet": "ww"
                },
                {
                    "code": "slv",
                    "fontSet": "ww"
                },
                {
                    "code": "ron",
                    "fontSet": "ww"
                },
                {
                    "code": "bul",
                    "fontSet": "ww"
                },
                {
                    "code": "ind",
                    "fontSet": "ww"
                },
                {
                    "code": "zsm",
                    "fontSet": "ww"
                },
                {
                    "code": "vie",
                    "fontSet": "ww"
                },
                {
                    "code": "zhs",
                    "fontSet": "apac_twcn"
                },
                {
                    "code": "zht",
                    "fontSet": "apac_twcn"
                },
                {
                    "code": "jpn",
                    "fontSet": "apac_jpn"
                },
                {
                    "code": "kor",
                    "fontSet": "apac_kor"
                },
                {
                    "code": "tha",
                    "fontSet": "apac_tha"
                }
            ],
            "number": "006-B4115-00"
        }
    ],
    "resolution": {
        "height": 360,
        "width": 320
    },
    "screenRotationSupport": false,
    "webDocDeviceGroup": "Watches/Wearables",
    "worldWidePartNumber": "006-B4115-00"
}