{
    "appTypes": [
        {
            "memoryLimit": 1048576,
            "type": "watchApp"
        },
        {
            "memoryLimit": 1048576,
            "type": "widget"
        },
        {
            "memoryLimit": 131072,
            "type": "datafield"
        },
        {
            "memoryLimit": 32768,
            "type": "background"
        }
    ],
    "bitsPerPixel": 16,
    "deviceFamily": "rectangle-240x400",
    "deviceGroup": "Edge",
    "deviceId": "edge_1000",
    "displayName": "Edge® 1000 / Explore",
    "displayType": "lcd",
    "hardwarePartNumber": "010-01161-00",
    "imageUrl": "https://static.garmincdn.com/de/products/010-01161-01/g/cf-sm.jpg",
    "launcherIcon": {
        "height": 36,
        "width": 36
    },
    "menuBar": {
        "landscapeImage": "edge1000_v_menubar.png",
        "location": {
            "height": 39,
            "width": 240,
            "x": 99,
            "y": 468
        },
        "portraitImage": "edge1000_h_menubar.png"
    },
    "orientation": 0,
    "partNumbers": [
        {
            "connectIQVersion": "2.4.1",
            "firmwareVersion": 1450,
            "languages": [
                {
                    "code": "hrv",
                    "fontSet": "ww"
                },
                {
                    "code": "ces",
                    "fontSet": "ww"
                },
                {
                    "code": "dan",
                    "fontSet": "ww"
                },
                {
                    "code": "dut",
                    "fontSet": "ww"
                },
                {
                    "code": "eng",
                    "fontSet": "ww"
                },
                {
                    "code": "fin",
                    "fontSet": "ww"
                },
                {
                    "code": "fre",
                    "fontSet": "ww"
                },
                {
                    "code": "deu",
                    "fontSet": "ww"
                },
                {
                    "code": "gre",
                    "fontSet": "ww"
                },
                {
                    "code": "hun",
                    "fontSet": "ww"
                },
                {
                    "code": "ita",
                    "fontSet": "ww"
                },
                {
                    "code": "nob",
                    "fontSet": "ww"
                },
                {
                    "code": "pol",
                    "fontSet": "ww"
                },
                {
                    "code": "por",
                    "fontSet": "ww"
                },
                {
                    "code": "rus",
                    "fontSet": "ww"
                },
                {
                    "code": "slo",
                    "fontSet": "ww"
                },
                {
                    "code": "slv",
                    "fontSet": "ww"
                },
                {
                    "code": "spa",
                    "fontSet": "ww"
                },
                {
                    "code": "swe",
                    "fontSet": "ww"
                }
            ],
            "number": "006-B1836-00"
        },
        {
            "connectIQVersion": "2.4.1",
            "firmwareVersion": 910,
            "languages": [
                {
                    "code": "hrv",
                    "fontSet": "ww"
                },
                {
                    "code": "ces",
                    "fontSet": "ww"
                },
                {
                    "code": "dan",
                    "fontSet": "ww"
                },
                {
                    "code": "dut",
                    "fontSet": "ww"
                },
                {
                    "code": "eng",
                    "fontSet": "ww"
                },
                {
                    "code": "fin",
                    "fontSet": "ww"
                },
                {
                    "code": "fre",
                    "fontSet": "ww"
                },
                {
                    "code": "deu",
                    "fontSet": "ww"
                },
                {
                    "code": "gre",
                    "fontSet": "ww"
                },
                {
                    "code": "hun",
                    "fontSet": "ww"
                },
                {
                    "code": "ita",
                    "fontSet": "ww"
                },
                {
                    "code": "nob",
                    "fontSet": "ww"
                },
                {
                    "code": "pol",
                    "fontSet": "ww"
                },
                {
                    "code": "por",
                    "fontSet": "ww"
                },
                {
                    "code": "rus",
                    "fontSet": "ww"
                },
                {
                    "code": "slo",
                    "fontSet": "ww"
                },
                {
                    "code": "slv",
                    "fontSet": "ww"
                },
                {
                    "code": "spa",
                    "fontSet": "ww"
                },
                {
                    "code": "swe",
                    "fontSet": "ww"
                }
            ],
            "number": "006-B2204-00"
        },
        {
            "connectIQVersion": "2.4.2",
            "firmwareVersion": 1490,
            "languages": [
                {
                    "code": "eng",
                    "fontSet": "ww"
                },
                {
                    "code": "zhs",
                    "fontSet": "apac_chn"
                },
                {
                    "code": "zht",
                    "fontSet": "apac_chn"
                }
            ],
            "number": "006-B2070-00"
        },
        {
            "connectIQVersion": "2.4.2",
            "firmwareVersion": 1490,
            "languages": [
                {
                    "code": "eng",
                    "fontSet": "ww"
                },
                {
                    "code": "zht",
                    "fontSet": "apac_chn"
                }
            ],
            "number": "006-B2052-00"
        },
        {
            "connectIQVersion": "2.4.2",
            "firmwareVersion": 1490,
            "languages": [
                {
                    "code": "eng",
                    "fontSet": "ww"
                },
                {
                    "code": "jpn",
                    "fontSet": "apac_jpn"
                }
            ],
            "number": "006-B2053-00"
        },
        {
            "connectIQVersion": "2.4.2",
            "firmwareVersion": 1490,
            "languages": [
                {
                    "code": "eng",
                    "fontSet": "ww"
                },
                {
                    "code": "kor",
                    "fontSet": "apac_kor"
                }
            ],
            "number": "006-B2100-00"
        },
        {
            "connectIQVersion": "2.4.2",
            "firmwareVersion": 1490,
            "languages": [
                {
                    "code": "eng",
                    "fontSet": "ww"
                },
                {
                    "code": "tha",
                    "fontSet": "apac_tha"
                }
            ],
            "number": "006-B2274-00"
        }
    ],
    "resolution": {
        "height": 400,
        "width": 240
    },
    "screenRotationSupport": true,
    "worldWidePartNumber": "006-B1836-00"
}