{
    "alphaBlendingSupport": false,
    "appTypes": [
        {
            "memoryLimit": 32768,
            "type": "background"
        },
        {
            "memoryLimit": 131072,
            "type": "datafield"
        },
        {
            "memoryLimit": 65536,
            "type": "glance"
        },
        {
            "memoryLimit": 1048576,
            "type": "watchApp"
        }
    ],
    "bitsPerPixel": 16,
    "controlBarSupport": true,
    "deviceFamily": "rectangle-240x320",
    "deviceGroup": "Edge",
    "deviceId": "edgemtb",
    "deviceVersion": "381f2f6c03fb9a2dcfb7aa0a8bcf9d046992b4d3",
    "displayName": "Edge® MTB",
    "displayType": "lcd",
    "hardwarePartNumber": "010-02993-00",
    "imageUrl": "https://res.garmin.com/en/products/010-02993-00/g/cf-sm.jpg",
    "launcherIcon": {
        "height": 36,
        "width": 36
    },
    "orientation": 0,
    "outputColorSpace": "ARGB2222",
    "partNumbers": [
        {
            "connectIQVersion": "5.1.1",
            "languages": [
                {
                    "code": "hrv",
                    "fontSet": "ww"
                },
                {
                    "code": "ces",
                    "fontSet": "ww"
                },
                {
                    "code": "dan",
                    "fontSet": "ww"
                },
                {
                    "code": "dut",
                    "fontSet": "ww"
                },
                {
                    "code": "eng",
                    "fontSet": "ww"
                },
                {
                    "code": "fin",
                    "fontSet": "ww"
                },
                {
                    "code": "fre",
                    "fontSet": "ww"
                },
                {
                    "code": "deu",
                    "fontSet": "ww"
                },
                {
                    "code": "gre",
                    "fontSet": "ww"
                },
                {
                    "code": "heb",
                    "fontSet": "ww"
                },
                {
                    "code": "hun",
                    "fontSet": "ww"
                },
                {
                    "code": "ita",
                    "fontSet": "ww"
                },
                {
                    "code": "nob",
                    "fontSet": "ww"
                },
                {
                    "code": "pol",
                    "fontSet": "ww"
                },
                {
                    "code": "por",
                    "fontSet": "ww"
                },
                {
                    "code": "rus",
                    "fontSet": "ww"
                },
                {
                    "code": "slo",
                    "fontSet": "ww"
                },
                {
                    "code": "slv",
                    "fontSet": "ww"
                },
                {
                    "code": "spa",
                    "fontSet": "ww"
                },
                {
                    "code": "swe",
                    "fontSet": "ww"
                },
                {
                    "code": "ind",
                    "fontSet": "ww"
                },
                {
                    "code": "zsm",
                    "fontSet": "ww"
                },
                {
                    "code": "vie",
                    "fontSet": "ww"
                },
                {
                    "code": "zhs",
                    "fontSet": "ww"
                },
                {
                    "code": "zht",
                    "fontSet": "ww"
                },
                {
                    "code": "jpn",
                    "fontSet": "ww"
                },
                {
                    "code": "kor",
                    "fontSet": "ww"
                },
                {
                    "code": "tha",
                    "fontSet": "ww"
                }
            ],
            "number": "006-B4655-00"
        }
    ],
    "resolution": {
        "height": 320,
        "width": 240
    },
    "screenRotationSupport": false,
    "worldWidePartNumber": "006-B4655-00"
}