{
    "alphaBlendingSupport": false,
    "appTypes": [
        {
            "memoryLimit": 49152,
            "type": "watchFace"
        }
    ],
    "bitsPerPixel": 4,
    "deviceFamily": "round-208x208",
    "deviceGroup": "Watches/Wearables",
    "deviceId": "garminswim2",
    "deviceVersion": "4b539e49a861670d65dc65ba400dea167e8109d1",
    "displayName": "Garmin Swim™ 2",
    "displayType": "mip",
    "faceIt": {
        "analogHandles": [
            "style1",
            "style2",
            "style3",
            "style4",
            "style5"
        ],
        "digitalFonts": [
            "sourceSansPro",
            "leagueGothic",
            "notoSansCJKTC",
            "qumpellkaNO12"
        ],
        "fontColors": [
            "00000000",
            "FF0000",
            "00FF00",
            "FF00FF"
        ],
        "templates": [
            "roundAnalogTemplate1",
            "roundDigitalTemplate1",
            "roundAnalogTemplate2",
            "roundDigitalTemplate2",
            "roundAnalogTemplate3",
            "roundDigitalTemplate3",
            "roundAnalogTemplate4",
            "roundDigitalTemplate4"
        ]
    },
    "hardwarePartNumber": "010-02247-00",
    "imageUrl": "https://static.garmincdn.com/en/products/010-02247-00/v/cf-sm-547ef65f-7247-4c83-864e-6aad5f8fa2d5.jpg",
    "launcherIcon": {
        "height": 65,
        "width": 65
    },
    "orientation": 0,
    "palette": {
        "colors": [
            "000000",
            "0000FF",
            "00FF00",
            "00FFFF",
            "FF0000",
            "FF00FF",
            "FFFF00",
            "FFFFFF"
        ]
    },
    "partNumbers": [
        {
            "connectIQVersion": "1.4.5",
            "languages": [
                {
                    "code": "ara",
                    "fontSet": "ww"
                },
                {
                    "code": "ces",
                    "fontSet": "ww"
                },
                {
                    "code": "dan",
                    "fontSet": "ww"
                },
                {
                    "code": "dut",
                    "fontSet": "ww"
                },
                {
                    "code": "eng",
                    "fontSet": "ww"
                },
                {
                    "code": "est",
                    "fontSet": "ww"
                },
                {
                    "code": "fin",
                    "fontSet": "ww"
                },
                {
                    "code": "fre",
                    "fontSet": "ww"
                },
                {
                    "code": "deu",
                    "fontSet": "ww"
                },
                {
                    "code": "gre",
                    "fontSet": "ww"
                },
                {
                    "code": "heb",
                    "fontSet": "ww"
                },
                {
                    "code": "hrv",
                    "fontSet": "ww"
                },
                {
                    "code": "hun",
                    "fontSet": "ww"
                },
                {
                    "code": "ita",
                    "fontSet": "ww"
                },
                {
                    "code": "lav",
                    "fontSet": "ww"
                },
                {
                    "code": "lit",
                    "fontSet": "ww"
                },
                {
                    "code": "nob",
                    "fontSet": "ww"
                },
                {
                    "code": "pol",
                    "fontSet": "ww"
                },
                {
                    "code": "por",
                    "fontSet": "ww"
                },
                {
                    "code": "ron",
                    "fontSet": "ww"
                },
                {
                    "code": "rus",
                    "fontSet": "ww"
                },
                {
                    "code": "slo",
                    "fontSet": "ww"
                },
                {
                    "code": "slv",
                    "fontSet": "ww"
                },
                {
                    "code": "spa",
                    "fontSet": "ww"
                },
                {
                    "code": "swe",
                    "fontSet": "ww"
                },
                {
                    "code": "ukr",
                    "fontSet": "ww"
                }
            ],
            "number": "006-B3405-00"
        },
        {
            "connectIQVersion": "1.4.5",
            "languages": [
                {
                    "code": "eng",
                    "fontSet": "ww"
                },
                {
                    "code": "ind",
                    "fontSet": "ww"
                },
                {
                    "code": "zsm",
                    "fontSet": "ww"
                },
                {
                    "code": "zhs",
                    "fontSet": "apac_chn"
                },
                {
                    "code": "zht",
                    "fontSet": "apac_twn"
                },
                {
                    "code": "jpn",
                    "fontSet": "apac_jpn"
                },
                {
                    "code": "kor",
                    "fontSet": "apac_kor"
                },
                {
                    "code": "tha",
                    "fontSet": "apac_tha"
                },
                {
                    "code": "vie",
                    "fontSet": "apac_vie"
                }
            ],
            "number": "006-B3639-00"
        }
    ],
    "resolution": {
        "height": 208,
        "width": 208
    },
    "screenRotationSupport": false,
    "worldWidePartNumber": "006-B3405-00"
}