{
    "display": {
        "behaviors": [
            {
                "gesture": "swipeRight"
            },
            {
                "gesture": "swipeLeft"
            },
            {
                "gesture": "swipeUp",
                "id": "nextPage"
            },
            {
                "gesture": "swipeDown",
                "id": "previousPage"
            },
            {
                "gesture": "hold"
            },
            {
                "gesture": "release"
            },
            {
                "gesture": "tap",
                "id": "onSelect"
            }
        ],
        "isTouch": true,
        "landscapeOrientation": 0,
        "location": {
            "height": 260,
            "width": 260,
            "x": 82,
            "y": 171
        },
        "shape": "round"
    },
    "fonts": [
        {
            "fontSet": "ww",
            "fonts": [
                {
                    "filename": "FNT_VIVOACTIVE4_ROBOTO_XTINY_BOLD",
                    "name": "xtiny"
                },
                {
                    "filename": "FNT_VIVOACTIVE4_ROBOTO_TINY_PLUS_BOLD",
                    "name": "tiny"
                },
                {
                    "filename": "FNT_VIVOACTIVE4_ROBOTO_SMALL_BOLD",
                    "name": "small"
                },
                {
                    "filename": "FNT_VIVOACTIVE4_ROBOTO_MEDIUM_BOLD",
                    "name": "medium"
                },
                {
                    "filename": "FNT_VIVOACTIVE4_ROBOTO_MEDIUM_PLUS_BOLD",
                    "name": "large"
                },
                {
                    "filename": "FNT_VIVOACTIVE4_REGULAR_NUMBER_FONT_1",
                    "name": "numberMild"
                },
                {
                    "filename": "FNT_VIVOACTIVE4_REGULAR_NUMBER_FONT_2",
                    "name": "numberMedium"
                },
                {
                    "filename": "FNT_VIVOACTIVE4_BOLD_NUMBER_FONT_5",
                    "name": "numberHot"
                },
                {
                    "filename": "FNT_VIVOACTIVE4_BOLD_NUMBER_FONT_6",
                    "name": "numberThaiHot"
                },
                {
                    "filename": "FNT_VIVOACTIVE4_ROBOTO_XTINY_BOLD",
                    "name": "systemXtiny"
                },
                {
                    "filename": "FNT_VIVOACTIVE4_ROBOTO_TINY_PLUS_BOLD",
                    "name": "systemTiny"
                },
                {
                    "filename": "FNT_VIVOACTIVE4_ROBOTO_SMALL_BOLD",
                    "name": "systemSmall"
                },
                {
                    "filename": "FNT_VIVOACTIVE4_ROBOTO_MEDIUM_BOLD",
                    "name": "systemMedium"
                },
                {
                    "filename": "FNT_VIVOACTIVE4_ROBOTO_MEDIUM_PLUS_BOLD",
                    "name": "systemLarge"
                },
                {
                    "filename": "FNT_VIVOACTIVE4_REGULAR_NUMBER_FONT_1",
                    "name": "systemNumberMild"
                },
                {
                    "filename": "FNT_VIVOACTIVE4_REGULAR_NUMBER_FONT_2",
                    "name": "systemNumberMedium"
                },
                {
                    "filename": "FNT_VIVOACTIVE4_BOLD_NUMBER_FONT_5",
                    "name": "systemNumberHot"
                },
                {
                    "filename": "FNT_VIVOACTIVE4_BOLD_NUMBER_FONT_6",
                    "name": "systemNumberThaiHot"
                },
                {
                    "filename": "FNT_APPROACHS62_NOTO_SANS_BOLD_NUMBER_52",
                    "name": "simExtNumber1"
                },
                {
                    "filename": "FNT_APPROACHS62_NOTO_SANS_BOLD_NUMBER_62",
                    "name": "simExtNumber2"
                },
                {
                    "filename": "FNT_APPROACHS62_NOTO_SANS_BOLD_NUMBER_72",
                    "name": "simExtNumber3"
                },
                {
                    "filename": "FNT_APPROACHS62_NOTO_SANS_BOLD_NUMBER_82",
                    "name": "simExtNumber4"
                },
                {
                    "filename": "FNT_APPROACHS62_NOTO_SANS_BOLD_NUMBER_102",
                    "name": "simExtNumber5"
                },
                {
                    "filename": "FNT_APPROACHS62_NOTO_SANS_BOLD_24",
                    "name": "simExtNumber6"
                }
            ]
        },
        {
            "fontSet": "apac_chn",
            "fonts": [
                {
                    "filename": "FNT_NOTO_SANS_CJK_SC_BOLD_CHN_17PX",
                    "name": "xtiny"
                },
                {
                    "filename": "FNT_NOTO_SANS_CJK_SC_BOLD_CHN_24PX",
                    "name": "tiny"
                },
                {
                    "filename": "FNT_NOTO_SANS_CJK_SC_BOLD_CHN_24PX",
                    "name": "small"
                },
                {
                    "filename": "FNT_NOTO_SANS_CJK_SC_BOLD_CHN_27PX",
                    "name": "medium"
                },
                {
                    "filename": "FNT_NOTO_SANS_CJK_SC_BOLD_CHN_27PX",
                    "name": "large"
                },
                {
                    "filename": "FNT_NOTO_SANS_BOLD_42",
                    "name": "numberMild"
                },
                {
                    "filename": "FNT_NOTO_SANS_BOLD_52",
                    "name": "numberMedium"
                },
                {
                    "filename": "FNT_NOTO_SANS_BOLD_82",
                    "name": "numberHot"
                },
                {
                    "filename": "FNT_NOTO_SANS_BOLD_102",
                    "name": "numberThaiHot"
                },
                {
                    "filename": "FNT_NOTO_SANS_CJK_SC_BOLD_CHN_17PX",
                    "name": "systemXtiny"
                },
                {
                    "filename": "FNT_NOTO_SANS_CJK_SC_BOLD_CHN_24PX",
                    "name": "systemTiny"
                },
                {
                    "filename": "FNT_NOTO_SANS_CJK_SC_BOLD_CHN_24PX",
                    "name": "systemSmall"
                },
                {
                    "filename": "FNT_NOTO_SANS_CJK_SC_BOLD_CHN_27PX",
                    "name": "systemMedium"
                },
                {
                    "filename": "FNT_NOTO_SANS_CJK_SC_BOLD_CHN_27PX",
                    "name": "systemLarge"
                },
                {
                    "filename": "FNT_NOTO_SANS_BOLD_42",
                    "name": "systemNumberMild"
                },
                {
                    "filename": "FNT_NOTO_SANS_BOLD_52",
                    "name": "systemNumberMedium"
                },
                {
                    "filename": "FNT_NOTO_SANS_BOLD_82",
                    "name": "systemNumberHot"
                },
                {
                    "filename": "FNT_NOTO_SANS_BOLD_102",
                    "name": "systemNumberThaiHot"
                },
                {
                    "filename": "FNT_APPROACHS62_NOTO_SANS_BOLD_NUMBER_52",
                    "name": "simExtNumber1"
                },
                {
                    "filename": "FNT_APPROACHS62_NOTO_SANS_BOLD_NUMBER_62",
                    "name": "simExtNumber2"
                },
                {
                    "filename": "FNT_APPROACHS62_NOTO_SANS_BOLD_NUMBER_72",
                    "name": "simExtNumber3"
                },
                {
                    "filename": "FNT_APPROACHS62_NOTO_SANS_BOLD_NUMBER_82",
                    "name": "simExtNumber4"
                },
                {
                    "filename": "FNT_APPROACHS62_NOTO_SANS_BOLD_NUMBER_102",
                    "name": "simExtNumber5"
                },
                {
                    "filename": "FNT_APPROACHS62_NOTO_SANS_BOLD_24",
                    "name": "simExtNumber6"
                }
            ]
        },
        {
            "fontSet": "apac_twn",
            "fonts": [
                {
                    "filename": "FNT_NOTO_SANS_CJK_SC_BOLD_CHN_17PX",
                    "name": "xtiny"
                },
                {
                    "filename": "FNT_NOTO_SANS_CJK_SC_BOLD_CHN_24PX",
                    "name": "tiny"
                },
                {
                    "filename": "FNT_NOTO_SANS_CJK_SC_BOLD_CHN_24PX",
                    "name": "small"
                },
                {
                    "filename": "FNT_NOTO_SANS_CJK_SC_BOLD_CHN_27PX",
                    "name": "medium"
                },
                {
                    "filename": "FNT_NOTO_SANS_CJK_SC_BOLD_CHN_27PX",
                    "name": "large"
                },
                {
                    "filename": "FNT_NOTO_SANS_BOLD_42",
                    "name": "numberMild"
                },
                {
                    "filename": "FNT_NOTO_SANS_BOLD_52",
                    "name": "numberMedium"
                },
                {
                    "filename": "FNT_NOTO_SANS_BOLD_82",
                    "name": "numberHot"
                },
                {
                    "filename": "FNT_NOTO_SANS_BOLD_102",
                    "name": "numberThaiHot"
                },
                {
                    "filename": "FNT_NOTO_SANS_CJK_SC_BOLD_CHN_17PX",
                    "name": "systemXtiny"
                },
                {
                    "filename": "FNT_NOTO_SANS_CJK_SC_BOLD_CHN_24PX",
                    "name": "systemTiny"
                },
                {
                    "filename": "FNT_NOTO_SANS_CJK_SC_BOLD_CHN_24PX",
                    "name": "systemSmall"
                },
                {
                    "filename": "FNT_NOTO_SANS_CJK_SC_BOLD_CHN_27PX",
                    "name": "systemMedium"
                },
                {
                    "filename": "FNT_NOTO_SANS_CJK_SC_BOLD_CHN_27PX",
                    "name": "systemLarge"
                },
                {
                    "filename": "FNT_NOTO_SANS_BOLD_42",
                    "name": "systemNumberMild"
                },
                {
                    "filename": "FNT_NOTO_SANS_BOLD_52",
                    "name": "systemNumberMedium"
                },
                {
                    "filename": "FNT_NOTO_SANS_BOLD_82",
                    "name": "systemNumberHot"
                },
                {
                    "filename": "FNT_NOTO_SANS_BOLD_102",
                    "name": "systemNumberThaiHot"
                },
                {
                    "filename": "FNT_APPROACHS62_NOTO_SANS_BOLD_NUMBER_52",
                    "name": "simExtNumber1"
                },
                {
                    "filename": "FNT_APPROACHS62_NOTO_SANS_BOLD_NUMBER_62",
                    "name": "simExtNumber2"
                },
                {
                    "filename": "FNT_APPROACHS62_NOTO_SANS_BOLD_NUMBER_72",
                    "name": "simExtNumber3"
                },
                {
                    "filename": "FNT_APPROACHS62_NOTO_SANS_BOLD_NUMBER_82",
                    "name": "simExtNumber4"
                },
                {
                    "filename": "FNT_APPROACHS62_NOTO_SANS_BOLD_NUMBER_102",
                    "name": "simExtNumber5"
                },
                {
                    "filename": "FNT_APPROACHS62_NOTO_SANS_BOLD_24",
                    "name": "simExtNumber6"
                }
            ]
        },
        {
            "fontSet": "apac_jpn",
            "fonts": [
                {
                    "filename": "FNT_NOTO_SANS_CJK_JP_BOLD_17PX",
                    "name": "xtiny"
                },
                {
                    "filename": "FNT_NOTO_SANS_CJK_JP_BOLD_24PX",
                    "name": "tiny"
                },
                {
                    "filename": "FNT_NOTO_SANS_CJK_JP_BOLD_24PX",
                    "name": "small"
                },
                {
                    "filename": "FNT_NOTO_SANS_CJK_JP_BOLD_27PX",
                    "name": "medium"
                },
                {
                    "filename": "FNT_NOTO_SANS_CJK_JP_BOLD_27PX",
                    "name": "large"
                },
                {
                    "filename": "FNT_NOTO_SANS_BOLD_42",
                    "name": "numberMild"
                },
                {
                    "filename": "FNT_NOTO_SANS_BOLD_52",
                    "name": "numberMedium"
                },
                {
                    "filename": "FNT_NOTO_SANS_BOLD_82",
                    "name": "numberHot"
                },
                {
                    "filename": "FNT_NOTO_SANS_BOLD_102",
                    "name": "numberThaiHot"
                },
                {
                    "filename": "FNT_NOTO_SANS_CJK_JP_BOLD_17PX",
                    "name": "systemXtiny"
                },
                {
                    "filename": "FNT_NOTO_SANS_CJK_JP_BOLD_24PX",
                    "name": "systemTiny"
                },
                {
                    "filename": "FNT_NOTO_SANS_CJK_JP_BOLD_24PX",
                    "name": "systemSmall"
                },
                {
                    "filename": "FNT_NOTO_SANS_CJK_JP_BOLD_27PX",
                    "name": "systemMedium"
                },
                {
                    "filename": "FNT_NOTO_SANS_CJK_JP_BOLD_27PX",
                    "name": "systemLarge"
                },
                {
                    "filename": "FNT_NOTO_SANS_BOLD_42",
                    "name": "systemNumberMild"
                },
                {
                    "filename": "FNT_NOTO_SANS_BOLD_52",
                    "name": "systemNumberMedium"
                },
                {
                    "filename": "FNT_NOTO_SANS_BOLD_82",
                    "name": "systemNumberHot"
                },
                {
                    "filename": "FNT_NOTO_SANS_BOLD_102",
                    "name": "systemNumberThaiHot"
                },
                {
                    "filename": "FNT_APPROACHS62_NOTO_SANS_BOLD_NUMBER_52",
                    "name": "simExtNumber1"
                },
                {
                    "filename": "FNT_APPROACHS62_NOTO_SANS_BOLD_NUMBER_62",
                    "name": "simExtNumber2"
                },
                {
                    "filename": "FNT_APPROACHS62_NOTO_SANS_BOLD_NUMBER_72",
                    "name": "simExtNumber3"
                },
                {
                    "filename": "FNT_APPROACHS62_NOTO_SANS_BOLD_NUMBER_82",
                    "name": "simExtNumber4"
                },
                {
                    "filename": "FNT_APPROACHS62_NOTO_SANS_BOLD_NUMBER_102",
                    "name": "simExtNumber5"
                },
                {
                    "filename": "FNT_APPROACHS62_NOTO_SANS_BOLD_24",
                    "name": "simExtNumber6"
                }
            ]
        },
        {
            "fontSet": "apac_kor",
            "fonts": [
                {
                    "filename": "FNT_NOTO_SANS_CJK_KR_BOLD_17PX",
                    "name": "xtiny"
                },
                {
                    "filename": "FNT_NOTO_SANS_CJK_KR_BOLD_24PX",
                    "name": "tiny"
                },
                {
                    "filename": "FNT_NOTO_SANS_CJK_KR_BOLD_24PX",
                    "name": "small"
                },
                {
                    "filename": "FNT_NOTO_SANS_CJK_KR_BOLD_27PX",
                    "name": "medium"
                },
                {
                    "filename": "FNT_NOTO_SANS_CJK_KR_BOLD_27PX",
                    "name": "large"
                },
                {
                    "filename": "FNT_NOTO_SANS_BOLD_42",
                    "name": "numberMild"
                },
                {
                    "filename": "FNT_NOTO_SANS_BOLD_52",
                    "name": "numberMedium"
                },
                {
                    "filename": "FNT_NOTO_SANS_BOLD_82",
                    "name": "numberHot"
                },
                {
                    "filename": "FNT_NOTO_SANS_BOLD_102",
                    "name": "numberThaiHot"
                },
                {
                    "filename": "FNT_NOTO_SANS_CJK_KR_BOLD_17PX",
                    "name": "systemXtiny"
                },
                {
                    "filename": "FNT_NOTO_SANS_CJK_KR_BOLD_24PX",
                    "name": "systemTiny"
                },
                {
                    "filename": "FNT_NOTO_SANS_CJK_KR_BOLD_24PX",
                    "name": "systemSmall"
                },
                {
                    "filename": "FNT_NOTO_SANS_CJK_KR_BOLD_27PX",
                    "name": "systemMedium"
                },
                {
                    "filename": "FNT_NOTO_SANS_CJK_KR_BOLD_27PX",
                    "name": "systemLarge"
                },
                {
                    "filename": "FNT_NOTO_SANS_BOLD_42",
                    "name": "systemNumberMild"
                },
                {
                    "filename": "FNT_NOTO_SANS_BOLD_52",
                    "name": "systemNumberMedium"
                },
                {
                    "filename": "FNT_NOTO_SANS_BOLD_82",
                    "name": "systemNumberHot"
                },
                {
                    "filename": "FNT_NOTO_SANS_BOLD_102",
                    "name": "systemNumberThaiHot"
                },
                {
                    "filename": "FNT_APPROACHS62_NOTO_SANS_BOLD_NUMBER_52",
                    "name": "simExtNumber1"
                },
                {
                    "filename": "FNT_APPROACHS62_NOTO_SANS_BOLD_NUMBER_62",
                    "name": "simExtNumber2"
                },
                {
                    "filename": "FNT_APPROACHS62_NOTO_SANS_BOLD_NUMBER_72",
                    "name": "simExtNumber3"
                },
                {
                    "filename": "FNT_APPROACHS62_NOTO_SANS_BOLD_NUMBER_82",
                    "name": "simExtNumber4"
                },
                {
                    "filename": "FNT_APPROACHS62_NOTO_SANS_BOLD_NUMBER_102",
                    "name": "simExtNumber5"
                },
                {
                    "filename": "FNT_APPROACHS62_NOTO_SANS_BOLD_24",
                    "name": "simExtNumber6"
                }
            ]
        },
        {
            "fontSet": "apac_tha",
            "fonts": [
                {
                    "filename": "bitstreamVeraSans 16",
                    "name": "xtiny"
                },
                {
                    "filename": "bitstreamVeraSans 16",
                    "name": "tiny"
                },
                {
                    "filename": "bitstreamVeraSans 16",
                    "name": "small"
                },
                {
                    "filename": "bitstreamVeraSans 21",
                    "name": "medium"
                },
                {
                    "filename": "bitstreamVeraSans 27",
                    "name": "large"
                },
                {
                    "filename": "FNT_NOTO_SANS_BOLD_42",
                    "name": "numberMild"
                },
                {
                    "filename": "FNT_NOTO_SANS_BOLD_52",
                    "name": "numberMedium"
                },
                {
                    "filename": "FNT_NOTO_SANS_BOLD_82",
                    "name": "numberHot"
                },
                {
                    "filename": "FNT_NOTO_SANS_BOLD_102",
                    "name": "numberThaiHot"
                },
                {
                    "filename": "bitstreamVeraSans 16",
                    "name": "systemXtiny"
                },
                {
                    "filename": "bitstreamVeraSans 16",
                    "name": "systemTiny"
                },
                {
                    "filename": "bitstreamVeraSans 16",
                    "name": "systemSmall"
                },
                {
                    "filename": "bitstreamVeraSans 21",
                    "name": "systemMedium"
                },
                {
                    "filename": "bitstreamVeraSans 27",
                    "name": "systemLarge"
                },
                {
                    "filename": "FNT_NOTO_SANS_BOLD_42",
                    "name": "systemNumberMild"
                },
                {
                    "filename": "FNT_NOTO_SANS_BOLD_52",
                    "name": "systemNumberMedium"
                },
                {
                    "filename": "FNT_NOTO_SANS_BOLD_82",
                    "name": "systemNumberHot"
                },
                {
                    "filename": "FNT_NOTO_SANS_BOLD_102",
                    "name": "systemNumberThaiHot"
                },
                {
                    "filename": "FNT_APPROACHS62_NOTO_SANS_BOLD_NUMBER_52",
                    "name": "simExtNumber1"
                },
                {
                    "filename": "FNT_APPROACHS62_NOTO_SANS_BOLD_NUMBER_62",
                    "name": "simExtNumber2"
                },
                {
                    "filename": "FNT_APPROACHS62_NOTO_SANS_BOLD_NUMBER_72",
                    "name": "simExtNumber3"
                },
                {
                    "filename": "FNT_APPROACHS62_NOTO_SANS_BOLD_NUMBER_82",
                    "name": "simExtNumber4"
                },
                {
                    "filename": "FNT_APPROACHS62_NOTO_SANS_BOLD_NUMBER_102",
                    "name": "simExtNumber5"
                },
                {
                    "filename": "FNT_APPROACHS62_NOTO_SANS_BOLD_24",
                    "name": "simExtNumber6"
                }
            ]
        },
        {
            "fontSet": "apac_vie",
            "fonts": [
                {
                    "filename": "FNT_NOTO_SANS_BOLD_VIET_ADJUST_17BPX",
                    "name": "xtiny"
                },
                {
                    "filename": "FNT_NOTO_SANS_BOLD_VIET_ADJUST_24BPX",
                    "name": "tiny"
                },
                {
                    "filename": "FNT_NOTO_SANS_BOLD_VIET_ADJUST_24BPX",
                    "name": "small"
                },
                {
                    "filename": "FNT_NOTO_SANS_BOLD_VIET_ADJUST_27BPX",
                    "name": "medium"
                },
                {
                    "filename": "FNT_NOTO_SANS_BOLD_VIET_ADJUST_27BPX",
                    "name": "large"
                },
                {
                    "filename": "FNT_NOTO_SANS_BOLD_42",
                    "name": "numberMild"
                },
                {
                    "filename": "FNT_NOTO_SANS_BOLD_52",
                    "name": "numberMedium"
                },
                {
                    "filename": "FNT_NOTO_SANS_BOLD_82",
                    "name": "numberHot"
                },
                {
                    "filename": "FNT_NOTO_SANS_BOLD_102",
                    "name": "numberThaiHot"
                },
                {
                    "filename": "FNT_NOTO_SANS_BOLD_VIET_ADJUST_17BPX",
                    "name": "systemXtiny"
                },
                {
                    "filename": "FNT_NOTO_SANS_BOLD_VIET_ADJUST_24BPX",
                    "name": "systemTiny"
                },
                {
                    "filename": "FNT_NOTO_SANS_BOLD_VIET_ADJUST_24BPX",
                    "name": "systemSmall"
                },
                {
                    "filename": "FNT_NOTO_SANS_BOLD_VIET_ADJUST_27BPX",
                    "name": "systemMedium"
                },
                {
                    "filename": "FNT_NOTO_SANS_BOLD_VIET_ADJUST_27BPX",
                    "name": "systemLarge"
                },
                {
                    "filename": "FNT_NOTO_SANS_BOLD_42",
                    "name": "systemNumberMild"
                },
                {
                    "filename": "FNT_NOTO_SANS_BOLD_52",
                    "name": "systemNumberMedium"
                },
                {
                    "filename": "FNT_NOTO_SANS_BOLD_82",
                    "name": "systemNumberHot"
                },
                {
                    "filename": "FNT_NOTO_SANS_BOLD_102",
                    "name": "systemNumberThaiHot"
                },
                {
                    "filename": "FNT_APPROACHS62_NOTO_SANS_BOLD_NUMBER_52",
                    "name": "simExtNumber1"
                },
                {
                    "filename": "FNT_APPROACHS62_NOTO_SANS_BOLD_NUMBER_62",
                    "name": "simExtNumber2"
                },
                {
                    "filename": "FNT_APPROACHS62_NOTO_SANS_BOLD_NUMBER_72",
                    "name": "simExtNumber3"
                },
                {
                    "filename": "FNT_APPROACHS62_NOTO_SANS_BOLD_NUMBER_82",
                    "name": "simExtNumber4"
                },
                {
                    "filename": "FNT_APPROACHS62_NOTO_SANS_BOLD_NUMBER_102",
                    "name": "simExtNumber5"
                },
                {
                    "filename": "FNT_APPROACHS62_NOTO_SANS_BOLD_24",
                    "name": "simExtNumber6"
                }
            ]
        }
    ],
    "image": "approachs62.png",
    "keys": [
        {
            "behavior": "onSelect",
            "id": "enter",
            "location": {
                "height": 58,
                "width": 46,
                "x": 362,
                "y": 174
            }
        },
        {
            "behavior": "onMenu",
            "id": "menu",
            "location": {
                "height": 55,
                "width": 37,
                "x": 383,
                "y": 275
            }
        },
        {
            "behavior": "onBack",
            "id": "esc",
            "location": {
                "height": 55,
                "width": 37,
                "x": 361,
                "y": 370
            }
        }
    ],
    "layouts": [
        {
            "datafields": {
                "datafields": [
                    {
                        "drawBorders": true,
                        "fields": [
                            {
                                "data": {
                                    "font": "simExtNumber5",
                                    "justification": "center",
                                    "width": 260,
                                    "x": 130,
                                    "y": 147
                                },
                                "label": {
                                    "font": "simExtNumber6",
                                    "justification": "center",
                                    "x": 130,
                                    "y": 42
                                },
                                "labelDisabled": false,
                                "location": {
                                    "height": 260,
                                    "width": 260,
                                    "x": 0,
                                    "y": 0
                                },
                                "obscurity": [
                                    "left",
                                    "top",
                                    "right",
                                    "bottom"
                                ]
                            }
                        ],
                        "name": "1 Field"
                    },
                    {
                        "drawBorders": true,
                        "fields": [
                            {
                                "data": {
                                    "font": "simExtNumber4",
                                    "justification": "center",
                                    "width": 260,
                                    "x": 130,
                                    "y": 110
                                },
                                "label": {
                                    "font": "simExtNumber6",
                                    "justification": "center",
                                    "x": 130,
                                    "y": 47
                                },
                                "labelDisabled": false,
                                "location": {
                                    "height": 129,
                                    "width": 260,
                                    "x": 0,
                                    "y": 0
                                },
                                "obscurity": [
                                    "left",
                                    "top",
                                    "right"
                                ]
                            },
                            {
                                "data": {
                                    "font": "simExtNumber4",
                                    "justification": "center",
                                    "width": 260,
                                    "x": 130,
                                    "y": 95
                                },
                                "label": {
                                    "font": "simExtNumber6",
                                    "justification": "center",
                                    "x": 130,
                                    "y": 32
                                },
                                "labelDisabled": false,
                                "location": {
                                    "height": 129,
                                    "width": 260,
                                    "x": 0,
                                    "y": 131
                                },
                                "obscurity": [
                                    "left",
                                    "right",
                                    "bottom"
                                ]
                            }
                        ],
                        "name": "2 Fields"
                    },
                    {
                        "drawBorders": true,
                        "fields": [
                            {
                                "data": {
                                    "font": "simExtNumber3",
                                    "justification": "center",
                                    "width": 260,
                                    "x": 130,
                                    "y": 70
                                },
                                "label": {
                                    "font": "simExtNumber6",
                                    "justification": "center",
                                    "x": 130,
                                    "y": 26
                                },
                                "labelDisabled": false,
                                "location": {
                                    "height": 85,
                                    "width": 260,
                                    "x": 0,
                                    "y": 0
                                },
                                "obscurity": [
                                    "left",
                                    "top",
                                    "right"
                                ]
                            },
                            {
                                "data": {
                                    "font": "simExtNumber3",
                                    "justification": "center",
                                    "width": 260,
                                    "x": 130,
                                    "y": 70
                                },
                                "label": {
                                    "font": "simExtNumber6",
                                    "justification": "center",
                                    "x": 130,
                                    "y": 26
                                },
                                "labelDisabled": false,
                                "location": {
                                    "height": 86,
                                    "width": 260,
                                    "x": 0,
                                    "y": 87
                                },
                                "obscurity": [
                                    "left",
                                    "right"
                                ]
                            },
                            {
                                "data": {
                                    "font": "simExtNumber3",
                                    "justification": "center",
                                    "width": 260,
                                    "x": 130,
                                    "y": 70
                                },
                                "label": {
                                    "font": "simExtNumber6",
                                    "justification": "center",
                                    "x": 130,
                                    "y": 26
                                },
                                "labelDisabled": false,
                                "location": {
                                    "height": 85,
                                    "width": 260,
                                    "x": 0,
                                    "y": 175
                                },
                                "obscurity": [
                                    "left",
                                    "right",
                                    "bottom"
                                ]
                            }
                        ],
                        "name": "3 Fields A"
                    },
                    {
                        "drawBorders": true,
                        "fields": [
                            {
                                "data": {
                                    "font": "simExtNumber5",
                                    "justification": "center",
                                    "width": 260,
                                    "x": 130,
                                    "y": 108
                                },
                                "label": {
                                    "font": "simExtNumber6",
                                    "justification": "center",
                                    "x": 130,
                                    "y": 33
                                },
                                "labelDisabled": false,
                                "location": {
                                    "height": 160,
                                    "width": 260,
                                    "x": 0,
                                    "y": 50
                                },
                                "obscurity": [
                                    "left",
                                    "right"
                                ]
                            }
                        ],
                        "name": "3 Fields B"
                    },
                    {
                        "drawBorders": true,
                        "fields": [
                            {
                                "data": {
                                    "font": "simExtNumber3",
                                    "justification": "center",
                                    "width": 260,
                                    "x": 130,
                                    "y": 69
                                },
                                "label": {
                                    "font": "simExtNumber6",
                                    "justification": "center",
                                    "x": 130,
                                    "y": 25
                                },
                                "labelDisabled": false,
                                "location": {
                                    "height": 79,
                                    "width": 260,
                                    "x": 0,
                                    "y": 50
                                },
                                "obscurity": [
                                    "left",
                                    "right"
                                ]
                            },
                            {
                                "data": {
                                    "font": "simExtNumber3",
                                    "justification": "center",
                                    "width": 260,
                                    "x": 130,
                                    "y": 69
                                },
                                "label": {
                                    "font": "simExtNumber6",
                                    "justification": "center",
                                    "x": 130,
                                    "y": 25
                                },
                                "labelDisabled": false,
                                "location": {
                                    "height": 79,
                                    "width": 260,
                                    "x": 0,
                                    "y": 131
                                },
                                "obscurity": [
                                    "left",
                                    "right"
                                ]
                            }
                        ],
                        "name": "4 Fields"
                    }
                ]
            },
            "menu2": {
                "customTitle": {
                    "height": 43,
                    "width": 109,
                    "x": 75,
                    "y": 12
                },
                "doneButtons": {
                    "bottom": true
                },
                "items": {
                    "checks": [
                        {
                            "alignment": "left",
                            "disabledIconFile": "menu2_check_off_vva4.png",
                            "enabledIconFile": "menu2_check_on_vva4.png",
                            "x": 16,
                            "y": 18
                        },
                        {
                            "alignment": "right",
                            "disabledIconFile": "menu2_check_off_vva4.png",
                            "enabledIconFile": "menu2_check_on_vva4.png",
                            "x": 204,
                            "y": 18
                        }
                    ],
                    "divider": 2,
                    "icons": {
                        "check": "left",
                        "icon": "left",
                        "leftLocation": {
                            "height": 75,
                            "width": 43,
                            "x": 8,
                            "y": 0
                        },
                        "rightLocation": {
                            "height": 75,
                            "width": 43,
                            "x": 209,
                            "y": 0
                        },
                        "toggle": "right"
                    },
                    "item": {
                        "height": 77,
                        "labelFont": "tiny",
                        "subLabelFont": "xtiny",
                        "width": 260,
                        "xOffset": 8
                    },
                    "region": {
                        "height": 77,
                        "width": 260,
                        "x": 0,
                        "y": 0
                    },
                    "stringWidths": {
                        "basic": 244,
                        "check": 188,
                        "icon": 193,
                        "toggle": 180
                    },
                    "toggles": [
                        {
                            "alignment": "left",
                            "disabledIconFile": "menu2_toggle_off_vva3.png",
                            "enabledIconFile": "menu2_toggle_on_vva3.png",
                            "x": 16,
                            "y": 6
                        },
                        {
                            "alignment": "right",
                            "disabledIconFile": "menu2_toggle_off_vva3.png",
                            "enabledIconFile": "menu2_toggle_on_vva3.png",
                            "x": 228,
                            "y": 6
                        }
                    ]
                },
                "mode": "scroll",
                "title": {
                    "height": 55,
                    "width": 260,
                    "x": 0,
                    "y": 0
                },
                "titleString": {
                    "font": "tiny",
                    "width": 64,
                    "x": 129,
                    "y": 42
                }
            },
            "orientation": "portrait",
            "picker": {
                "entries": [
                    {
                        "height": 26,
                        "width": 35,
                        "x": 7,
                        "y": 143
                    },
                    {
                        "height": 35,
                        "width": 175,
                        "x": 42,
                        "y": 139
                    },
                    {
                        "height": 26,
                        "width": 35,
                        "x": 217,
                        "y": 143
                    }
                ],
                "nextArrow": {
                    "height": 30,
                    "width": 30,
                    "x": 115,
                    "y": 77
                },
                "previousArrow": {
                    "height": 30,
                    "width": 30,
                    "x": 115,
                    "y": 207
                },
                "title": {
                    "height": 23,
                    "width": 182,
                    "x": 39,
                    "y": 37
                }
            }
        }
    ],
    "sensorHistory": [
        {
            "interval": 120,
            "size": 180,
            "type": "heartrate"
        }
    ],
    "watchdogCount": 120000,
    "wifiExclusions": [
        "normal"
    ]
}