{
    "appStorageCapacity": 262144,
    "constellationConfiguration": [
        {
            "configuration": [
                "GPS L1",
                "GALILEO L1",
                "GLONASS"
            ],
            "name": "World Wide"
        },
        {
            "configuration": [
                "GPS L1",
                "GLONASS",
                "BEIDOU L1"
            ],
            "name": "APAC"
        }
    ],
    "display": {
        "behaviors": [],
        "isTouch": false,
        "landscapeOrientation": 0,
        "location": {
            "height": 280,
            "width": 280,
            "x": 53,
            "y": 112
        },
        "shape": "round"
    },
    "fonts": [
        {
            "fontSet": "ww",
            "fonts": [
                {
                    "filename": "FNT_FENIX6X_CDPG_ROBOTO_13B",
                    "name": "xtiny"
                },
                {
                    "filename": "FNT_FENIX6X_CDPG_ROBOTO_19B",
                    "name": "tiny"
                },
                {
                    "filename": "FNT_FENIX6X_CDPG_ROBOTO_22B",
                    "name": "small"
                },
                {
                    "filename": "FNT_FENIX6X_CDPG_ROBOTO_25B",
                    "name": "medium"
                },
                {
                    "filename": "FNT_FENIX6X_CDPG_ROBOTO_27B",
                    "name": "large"
                },
                {
                    "filename": "FNT_FENIX6X_BIONIC_COND_BOLD_NUMBER_32",
                    "name": "numberMild"
                },
                {
                    "filename": "FNT_FENIX6X_BIONIC_COND_BOLD_NUMBER_39",
                    "name": "numberMedium"
                },
                {
                    "filename": "FNT_FENIX6X_BIONIC_BOLD_NUMBER_54",
                    "name": "numberHot"
                },
                {
                    "filename": "FNT_FENIX6X_BIONIC_BOLD_NUMBER_62",
                    "name": "numberThaiHot"
                },
                {
                    "filename": "FNT_FENIX6X_CDPG_ROBOTO_13B",
                    "name": "systemXtiny"
                },
                {
                    "filename": "FNT_FENIX6X_CDPG_ROBOTO_19B",
                    "name": "systemTiny"
                },
                {
                    "filename": "FNT_FENIX6X_CDPG_ROBOTO_22B",
                    "name": "systemSmall"
                },
                {
                    "filename": "FNT_FENIX6X_CDPG_ROBOTO_25B",
                    "name": "systemMedium"
                },
                {
                    "filename": "FNT_FENIX6X_CDPG_ROBOTO_27B",
                    "name": "systemLarge"
                },
                {
                    "filename": "FNT_FENIX6X_BIONIC_COND_BOLD_NUMBER_32",
                    "name": "systemNumberMild"
                },
                {
                    "filename": "FNT_FENIX6X_BIONIC_COND_BOLD_NUMBER_39",
                    "name": "systemNumberMedium"
                },
                {
                    "filename": "FNT_FENIX6X_BIONIC_BOLD_NUMBER_54",
                    "name": "systemNumberHot"
                },
                {
                    "filename": "FNT_FENIX6X_BIONIC_BOLD_NUMBER_62",
                    "name": "systemNumberThaiHot"
                },
                {
                    "filename": "FNT_FENIX6_CDPG_ROBOTO_15B",
                    "name": "glanceFont"
                },
                {
                    "filename": "FNT_FENIX6_BIONIC_BOLD_NUMBER_18",
                    "name": "glanceNumberFont"
                },
                {
                    "filename": "FNT_FENIX6X_BIONIC_COND_BOLD_NUMBER_27",
                    "name": "simExtNumber1"
                },
                {
                    "filename": "FNT_FENIX6X_BIONIC_COND_BOLD_NUMBER_49",
                    "name": "simExtNumber2"
                },
                {
                    "filename": "FNT_FENIX6X_BIONIC_BOLD_NUMBER_69",
                    "name": "simExtNumber3"
                }
            ]
        },
        {
            "fontSet": "apac_chn",
            "fonts": [
                {
                    "filename": "FNT_FENIX6X_NOTO_SANS_CJK_SC_BOLD_CHN_19B",
                    "name": "xtiny"
                },
                {
                    "filename": "FNT_FENIX6X_NOTO_SANS_CJK_SC_BOLD_CHN_26B",
                    "name": "tiny"
                },
                {
                    "filename": "FNT_FENIX6X_NOTO_SANS_CJK_SC_BOLD_CHN_29B",
                    "name": "small"
                },
                {
                    "filename": "FNT_FENIX6X_NOTO_SANS_CJK_SC_BOLD_CHN_34B",
                    "name": "medium"
                },
                {
                    "filename": "FNT_FENIX6X_NOTO_SANS_CJK_SC_BOLD_CHN_37B",
                    "name": "large"
                },
                {
                    "filename": "FNT_FENIX6X_BIONIC_COND_BOLD_NUMBER_32",
                    "name": "numberMild"
                },
                {
                    "filename": "FNT_FENIX6X_BIONIC_COND_BOLD_NUMBER_39",
                    "name": "numberMedium"
                },
                {
                    "filename": "FNT_FENIX6X_BIONIC_BOLD_NUMBER_54",
                    "name": "numberHot"
                },
                {
                    "filename": "FNT_FENIX6X_BIONIC_BOLD_NUMBER_62",
                    "name": "numberThaiHot"
                },
                {
                    "filename": "FNT_FENIX6X_NOTO_SANS_CJK_SC_BOLD_CHN_19B",
                    "name": "systemXtiny"
                },
                {
                    "filename": "FNT_FENIX6X_NOTO_SANS_CJK_SC_BOLD_CHN_26B",
                    "name": "systemTiny"
                },
                {
                    "filename": "FNT_FENIX6X_NOTO_SANS_CJK_SC_BOLD_CHN_29B",
                    "name": "systemSmall"
                },
                {
                    "filename": "FNT_FENIX6X_NOTO_SANS_CJK_SC_BOLD_CHN_34B",
                    "name": "systemMedium"
                },
                {
                    "filename": "FNT_FENIX6X_NOTO_SANS_CJK_SC_BOLD_CHN_37B",
                    "name": "systemLarge"
                },
                {
                    "filename": "FNT_FENIX6X_BIONIC_COND_BOLD_NUMBER_32",
                    "name": "systemNumberMild"
                },
                {
                    "filename": "FNT_FENIX6X_BIONIC_COND_BOLD_NUMBER_39",
                    "name": "systemNumberMedium"
                },
                {
                    "filename": "FNT_FENIX6X_BIONIC_BOLD_NUMBER_54",
                    "name": "systemNumberHot"
                },
                {
                    "filename": "FNT_FENIX6X_BIONIC_BOLD_NUMBER_62",
                    "name": "systemNumberThaiHot"
                },
                {
                    "filename": "FNT_FENIX6X_BIONIC_COND_BOLD_NUMBER_27",
                    "name": "simExtNumber1"
                },
                {
                    "filename": "FNT_FENIX6X_BIONIC_COND_BOLD_NUMBER_49",
                    "name": "simExtNumber2"
                },
                {
                    "filename": "FNT_FENIX6X_BIONIC_BOLD_NUMBER_69",
                    "name": "simExtNumber3"
                }
            ]
        },
        {
            "fontSet": "apac_twn",
            "fonts": [
                {
                    "filename": "FNT_FENIX6X_NOTO_SANS_CJK_SC_BOLD_TWN_19",
                    "name": "xtiny"
                },
                {
                    "filename": "FNT_FENIX6X_NOTO_SANS_CJK_SC_BOLD_TWN_26B",
                    "name": "tiny"
                },
                {
                    "filename": "FNT_FENIX6X_NOTO_SANS_CJK_SC_BOLD_TWN_29B",
                    "name": "small"
                },
                {
                    "filename": "FNT_FENIX6X_NOTO_SANS_CJK_SC_BOLD_TWN_34B",
                    "name": "medium"
                },
                {
                    "filename": "FNT_FENIX6X_NOTO_SANS_CJK_SC_BOLD_TWN_37B",
                    "name": "large"
                },
                {
                    "filename": "FNT_FENIX6X_BIONIC_COND_BOLD_NUMBER_32",
                    "name": "numberMild"
                },
                {
                    "filename": "FNT_FENIX6X_BIONIC_COND_BOLD_NUMBER_39",
                    "name": "numberMedium"
                },
                {
                    "filename": "FNT_FENIX6X_BIONIC_BOLD_NUMBER_54",
                    "name": "numberHot"
                },
                {
                    "filename": "FNT_FENIX6X_BIONIC_BOLD_NUMBER_62",
                    "name": "numberThaiHot"
                },
                {
                    "filename": "FNT_FENIX6_NOTO_SANS_CJK_SC_BOLD_TWN_19",
                    "name": "systemXtiny"
                },
                {
                    "filename": "FNT_FENIX6X_NOTO_SANS_CJK_SC_BOLD_TWN_26B",
                    "name": "systemTiny"
                },
                {
                    "filename": "FNT_FENIX6X_NOTO_SANS_CJK_SC_BOLD_TWN_29B",
                    "name": "systemSmall"
                },
                {
                    "filename": "FNT_FENIX6X_NOTO_SANS_CJK_SC_BOLD_TWN_34B",
                    "name": "systemMedium"
                },
                {
                    "filename": "FNT_FENIX6X_NOTO_SANS_CJK_SC_BOLD_TWN_37B",
                    "name": "systemLarge"
                },
                {
                    "filename": "FNT_FENIX6X_BIONIC_COND_BOLD_NUMBER_32",
                    "name": "systemNumberMild"
                },
                {
                    "filename": "FNT_FENIX6X_BIONIC_COND_BOLD_NUMBER_39",
                    "name": "systemNumberMedium"
                },
                {
                    "filename": "FNT_FENIX6X_BIONIC_BOLD_NUMBER_54",
                    "name": "systemNumberHot"
                },
                {
                    "filename": "FNT_FENIX6X_BIONIC_BOLD_NUMBER_62",
                    "name": "systemNumberThaiHot"
                },
                {
                    "filename": "FNT_FENIX6X_BIONIC_COND_BOLD_NUMBER_27",
                    "name": "simExtNumber1"
                },
                {
                    "filename": "FNT_FENIX6X_BIONIC_COND_BOLD_NUMBER_49",
                    "name": "simExtNumber2"
                },
                {
                    "filename": "FNT_FENIX6X_BIONIC_BOLD_NUMBER_69",
                    "name": "simExtNumber3"
                }
            ]
        },
        {
            "fontSet": "apac_jpn",
            "fonts": [
                {
                    "filename": "FNT_FENIX6X_NOTO_SANS_CJK_JP_BOLD_19",
                    "name": "xtiny"
                },
                {
                    "filename": "FNT_FENIX6X_NOTO_SANS_CJK_JP_BOLD_26B",
                    "name": "tiny"
                },
                {
                    "filename": "FNT_FENIX6X_NOTO_SANS_CJK_JP_BOLD_29B",
                    "name": "small"
                },
                {
                    "filename": "FNT_FENIX6X_NOTO_SANS_CJK_JP_BOLD_34B",
                    "name": "medium"
                },
                {
                    "filename": "FNT_FENIX6X_NOTO_SANS_CJK_JP_BOLD_37B",
                    "name": "large"
                },
                {
                    "filename": "FNT_FENIX6X_BIONIC_COND_BOLD_NUMBER_32",
                    "name": "numberMild"
                },
                {
                    "filename": "FNT_FENIX6X_BIONIC_COND_BOLD_NUMBER_39",
                    "name": "numberMedium"
                },
                {
                    "filename": "FNT_FENIX6X_BIONIC_BOLD_NUMBER_54",
                    "name": "numberHot"
                },
                {
                    "filename": "FNT_FENIX6X_BIONIC_BOLD_NUMBER_62",
                    "name": "numberThaiHot"
                },
                {
                    "filename": "FNT_FENIX6X_NOTO_SANS_CJK_JP_BOLD_19",
                    "name": "systemXtiny"
                },
                {
                    "filename": "FNT_FENIX6X_NOTO_SANS_CJK_JP_BOLD_26B",
                    "name": "systemTiny"
                },
                {
                    "filename": "FNT_FENIX6X_NOTO_SANS_CJK_JP_BOLD_29B",
                    "name": "systemSmall"
                },
                {
                    "filename": "FNT_FENIX6X_NOTO_SANS_CJK_JP_BOLD_34B",
                    "name": "systemMedium"
                },
                {
                    "filename": "FNT_FENIX6X_NOTO_SANS_CJK_JP_BOLD_37B",
                    "name": "systemLarge"
                },
                {
                    "filename": "FNT_FENIX6X_BIONIC_COND_BOLD_NUMBER_32",
                    "name": "systemNumberMild"
                },
                {
                    "filename": "FNT_FENIX6X_BIONIC_COND_BOLD_NUMBER_39",
                    "name": "systemNumberMedium"
                },
                {
                    "filename": "FNT_FENIX6X_BIONIC_BOLD_NUMBER_54",
                    "name": "systemNumberHot"
                },
                {
                    "filename": "FNT_FENIX6X_BIONIC_BOLD_NUMBER_62",
                    "name": "systemNumberThaiHot"
                },
                {
                    "filename": "FNT_FENIX6X_BIONIC_COND_BOLD_NUMBER_27",
                    "name": "simExtNumber1"
                },
                {
                    "filename": "FNT_FENIX6X_BIONIC_COND_BOLD_NUMBER_49",
                    "name": "simExtNumber2"
                },
                {
                    "filename": "FNT_FENIX6X_BIONIC_BOLD_NUMBER_69",
                    "name": "simExtNumber3"
                }
            ]
        },
        {
            "fontSet": "apac_kor",
            "fonts": [
                {
                    "filename": "FNT_FENIX6X_NOTO_SANS_CJK_KR_BOLD_19",
                    "name": "xtiny"
                },
                {
                    "filename": "FNT_FENIX6X_NOTO_SANS_CJK_KR_BOLD_26B",
                    "name": "tiny"
                },
                {
                    "filename": "FNT_FENIX6X_NOTO_SANS_CJK_KR_BOLD_29B",
                    "name": "small"
                },
                {
                    "filename": "FNT_FENIX6X_NOTO_SANS_CJK_KR_BOLD_34B",
                    "name": "medium"
                },
                {
                    "filename": "FNT_FENIX6X_NOTO_SANS_CJK_KR_BOLD_37B",
                    "name": "large"
                },
                {
                    "filename": "FNT_FENIX6X_BIONIC_COND_BOLD_NUMBER_32",
                    "name": "numberMild"
                },
                {
                    "filename": "FNT_FENIX6X_BIONIC_COND_BOLD_NUMBER_39",
                    "name": "numberMedium"
                },
                {
                    "filename": "FNT_FENIX6X_BIONIC_BOLD_NUMBER_54",
                    "name": "numberHot"
                },
                {
                    "filename": "FNT_FENIX6X_BIONIC_BOLD_NUMBER_62",
                    "name": "numberThaiHot"
                },
                {
                    "filename": "FNT_FENIX6X_NOTO_SANS_CJK_KR_BOLD_19",
                    "name": "systemXtiny"
                },
                {
                    "filename": "FNT_FENIX6X_NOTO_SANS_CJK_KR_BOLD_26B",
                    "name": "systemTiny"
                },
                {
                    "filename": "FNT_FENIX6X_NOTO_SANS_CJK_KR_BOLD_29B",
                    "name": "systemSmall"
                },
                {
                    "filename": "FNT_FENIX6X_NOTO_SANS_CJK_KR_BOLD_34B",
                    "name": "systemMedium"
                },
                {
                    "filename": "FNT_FENIX6X_NOTO_SANS_CJK_KR_BOLD_37B",
                    "name": "systemLarge"
                },
                {
                    "filename": "FNT_FENIX6X_BIONIC_COND_BOLD_NUMBER_32",
                    "name": "systemNumberMild"
                },
                {
                    "filename": "FNT_FENIX6X_BIONIC_COND_BOLD_NUMBER_39",
                    "name": "systemNumberMedium"
                },
                {
                    "filename": "FNT_FENIX6X_BIONIC_BOLD_NUMBER_54",
                    "name": "systemNumberHot"
                },
                {
                    "filename": "FNT_FENIX6X_BIONIC_BOLD_NUMBER_62",
                    "name": "systemNumberThaiHot"
                },
                {
                    "filename": "FNT_FENIX6X_BIONIC_COND_BOLD_NUMBER_27",
                    "name": "simExtNumber1"
                },
                {
                    "filename": "FNT_FENIX6X_BIONIC_COND_BOLD_NUMBER_49",
                    "name": "simExtNumber2"
                },
                {
                    "filename": "FNT_FENIX6X_BIONIC_BOLD_NUMBER_69",
                    "name": "simExtNumber3"
                }
            ]
        },
        {
            "fontSet": "apac_tha",
            "fonts": [
                {
                    "filename": "bitstreamVeraSans 16",
                    "name": "xtiny"
                },
                {
                    "filename": "bitstreamVeraSans 16",
                    "name": "tiny"
                },
                {
                    "filename": "bitstreamVeraSans 16",
                    "name": "small"
                },
                {
                    "filename": "bitstreamVeraSans 21",
                    "name": "medium"
                },
                {
                    "filename": "bitstreamVeraSans 27",
                    "name": "large"
                },
                {
                    "filename": "FNT_FENIX6X_BIONIC_COND_BOLD_NUMBER_32",
                    "name": "numberMild"
                },
                {
                    "filename": "FNT_FENIX6X_BIONIC_COND_BOLD_NUMBER_39",
                    "name": "numberMedium"
                },
                {
                    "filename": "FNT_FENIX6X_BIONIC_BOLD_NUMBER_54",
                    "name": "numberHot"
                },
                {
                    "filename": "FNT_FENIX6X_BIONIC_BOLD_NUMBER_62",
                    "name": "numberThaiHot"
                },
                {
                    "filename": "bitstreamVeraSans 16",
                    "name": "systemXtiny"
                },
                {
                    "filename": "bitstreamVeraSans 16",
                    "name": "systemTiny"
                },
                {
                    "filename": "bitstreamVeraSans 16",
                    "name": "systemSmall"
                },
                {
                    "filename": "bitstreamVeraSans 21",
                    "name": "systemMedium"
                },
                {
                    "filename": "bitstreamVeraSans 27",
                    "name": "systemLarge"
                },
                {
                    "filename": "FNT_FENIX6X_BIONIC_COND_BOLD_NUMBER_32",
                    "name": "systemNumberMild"
                },
                {
                    "filename": "FNT_FENIX6X_BIONIC_COND_BOLD_NUMBER_39",
                    "name": "systemNumberMedium"
                },
                {
                    "filename": "FNT_FENIX6X_BIONIC_BOLD_NUMBER_54",
                    "name": "systemNumberHot"
                },
                {
                    "filename": "FNT_FENIX6X_BIONIC_BOLD_NUMBER_62",
                    "name": "systemNumberThaiHot"
                },
                {
                    "filename": "FNT_FENIX6X_BIONIC_COND_BOLD_NUMBER_27",
                    "name": "simExtNumber1"
                },
                {
                    "filename": "FNT_FENIX6X_BIONIC_COND_BOLD_NUMBER_49",
                    "name": "simExtNumber2"
                },
                {
                    "filename": "FNT_FENIX6X_BIONIC_BOLD_NUMBER_69",
                    "name": "simExtNumber3"
                }
            ]
        },
        {
            "fontSet": "apac_vie",
            "fonts": [
                {
                    "filename": "FNT_FENIX6X_ROBOTO_CONDENSED_BOLD_VIET_19",
                    "name": "xtiny"
                },
                {
                    "filename": "FNT_FENIX6X_ROBOTO_CONDENSED_BOLD_VIET_26B",
                    "name": "tiny"
                },
                {
                    "filename": "FNT_FENIX6X_ROBOTO_CONDENSED_BOLD_VIET_29B",
                    "name": "small"
                },
                {
                    "filename": "FNT_FENIX6X_ROBOTO_CONDENSED_BOLD_VIET_34B",
                    "name": "medium"
                },
                {
                    "filename": "FNT_FENIX6X_ROBOTO_CONDENSED_BOLD_VIET_37B",
                    "name": "large"
                },
                {
                    "filename": "FNT_FENIX6X_BIONIC_COND_BOLD_NUMBER_32",
                    "name": "numberMild"
                },
                {
                    "filename": "FNT_FENIX6X_BIONIC_COND_BOLD_NUMBER_39",
                    "name": "numberMedium"
                },
                {
                    "filename": "FNT_FENIX6X_BIONIC_BOLD_NUMBER_54",
                    "name": "numberHot"
                },
                {
                    "filename": "FNT_FENIX6X_BIONIC_BOLD_NUMBER_62",
                    "name": "numberThaiHot"
                },
                {
                    "filename": "FNT_FENIX6X_ROBOTO_CONDENSED_BOLD_VIET_19",
                    "name": "systemXtiny"
                },
                {
                    "filename": "FNT_FENIX6X_ROBOTO_CONDENSED_BOLD_VIET_26B",
                    "name": "systemTiny"
                },
                {
                    "filename": "FNT_FENIX6X_ROBOTO_CONDENSED_BOLD_VIET_29B",
                    "name": "systemSmall"
                },
                {
                    "filename": "FNT_FENIX6X_ROBOTO_CONDENSED_BOLD_VIET_34B",
                    "name": "systemMedium"
                },
                {
                    "filename": "FNT_FENIX6X_ROBOTO_CONDENSED_BOLD_VIET_37B",
                    "name": "systemLarge"
                },
                {
                    "filename": "FNT_FENIX6X_BIONIC_COND_BOLD_NUMBER_32",
                    "name": "systemNumberMild"
                },
                {
                    "filename": "FNT_FENIX6X_BIONIC_COND_BOLD_NUMBER_39",
                    "name": "systemNumberMedium"
                },
                {
                    "filename": "FNT_FENIX6X_BIONIC_BOLD_NUMBER_54",
                    "name": "systemNumberHot"
                },
                {
                    "filename": "FNT_FENIX6X_BIONIC_BOLD_NUMBER_62",
                    "name": "systemNumberThaiHot"
                },
                {
                    "filename": "FNT_FENIX6X_BIONIC_COND_BOLD_NUMBER_27",
                    "name": "simExtNumber1"
                },
                {
                    "filename": "FNT_FENIX6X_BIONIC_COND_BOLD_NUMBER_49",
                    "name": "simExtNumber2"
                },
                {
                    "filename": "FNT_FENIX6X_BIONIC_BOLD_NUMBER_69",
                    "name": "simExtNumber3"
                }
            ]
        }
    ],
    "glance": {
        "contentArea": {
            "height": 63,
            "width": 191,
            "x": 70,
            "y": 16
        },
        "iconArea": {
            "height": 40,
            "width": 40,
            "x": 25,
            "y": 27
        },
        "liveUpdates": false
    },
    "image": "enduro.png",
    "keys": [
        {
            "behavior": "onSelect",
            "id": "enter",
            "location": {
                "height": 50,
                "width": 40,
                "x": 333,
                "y": 136
            }
        },
        {
            "behavior": "previousPage",
            "id": "up",
            "location": {
                "height": 50,
                "width": 40,
                "x": 1,
                "y": 231
            }
        },
        {
            "behavior": "onMenu",
            "id": "menu",
            "isHold": true,
            "location": {
                "height": 50,
                "width": 40,
                "x": 1,
                "y": 231
            }
        },
        {
            "behavior": "nextPage",
            "id": "down",
            "location": {
                "height": 50,
                "width": 40,
                "x": 16,
                "y": 318
            }
        },
        {
            "id": "clock",
            "isHold": true,
            "location": {
                "height": 50,
                "width": 40,
                "x": 20,
                "y": 138
            }
        },
        {
            "behavior": "onBack",
            "id": "esc",
            "location": {
                "height": 50,
                "width": 40,
                "x": 331,
                "y": 319
            }
        }
    ],
    "layouts": [
        {
            "actionMenu": {
                "area": {
                    "height": 280,
                    "width": 121,
                    "x": 139,
                    "y": 0
                },
                "borderDisplay": {
                    "width": 2
                },
                "borderWidth": 2,
                "entries": [
                    {
                        "alignment": "left",
                        "height": 22,
                        "selection": false,
                        "textPadding": 0,
                        "x": 14,
                        "y": 31
                    },
                    {
                        "alignment": "left",
                        "height": 22,
                        "selection": false,
                        "textPadding": 0,
                        "x": 14,
                        "y": 75
                    },
                    {
                        "alignment": "left",
                        "height": 22,
                        "selection": true,
                        "textPadding": 0,
                        "x": 14,
                        "y": 120
                    },
                    {
                        "alignment": "left",
                        "height": 22,
                        "selection": false,
                        "textPadding": 0,
                        "x": 14,
                        "y": 164
                    },
                    {
                        "alignment": "left",
                        "height": 22,
                        "selection": false,
                        "textPadding": 0,
                        "x": 14,
                        "y": 208
                    }
                ],
                "selectionDisplay": {
                    "height": 45,
                    "width": 4,
                    "x": 5,
                    "y": 110
                },
                "type": "partial"
            },
            "datafields": {
                "datafields": [
                    {
                        "drawBorders": true,
                        "fields": [
                            {
                                "data": {
                                    "font": "simExtNumber3",
                                    "justification": "center",
                                    "width": 223,
                                    "x": 139,
                                    "y": 174
                                },
                                "label": {
                                    "font": "xtiny",
                                    "justification": "center",
                                    "x": 140,
                                    "y": 79
                                },
                                "labelDisabled": false,
                                "location": {
                                    "height": 280,
                                    "width": 280,
                                    "x": 0,
                                    "y": 0
                                },
                                "obscurity": [
                                    "left",
                                    "top",
                                    "right",
                                    "bottom"
                                ]
                            }
                        ],
                        "name": "1 Field"
                    },
                    {
                        "drawBorders": true,
                        "fields": [
                            {
                                "data": {
                                    "font": "numberThaiHot",
                                    "justification": "center",
                                    "width": 179,
                                    "x": 140,
                                    "y": 125
                                },
                                "label": {
                                    "font": "xtiny",
                                    "justification": "center",
                                    "x": 140,
                                    "y": 57
                                },
                                "labelDisabled": false,
                                "location": {
                                    "height": 139,
                                    "width": 280,
                                    "x": 0,
                                    "y": 0
                                },
                                "obscurity": [
                                    "left",
                                    "top",
                                    "right"
                                ]
                            },
                            {
                                "data": {
                                    "font": "numberThaiHot",
                                    "justification": "center",
                                    "width": 179,
                                    "x": 140,
                                    "y": 87
                                },
                                "label": {
                                    "font": "xtiny",
                                    "justification": "center",
                                    "x": 140,
                                    "y": 21
                                },
                                "labelDisabled": false,
                                "location": {
                                    "height": 139,
                                    "width": 280,
                                    "x": 0,
                                    "y": 141
                                },
                                "obscurity": [
                                    "left",
                                    "right",
                                    "bottom"
                                ]
                            }
                        ],
                        "name": "2 Fields"
                    },
                    {
                        "drawBorders": true,
                        "fields": [
                            {
                                "data": {
                                    "font": "numberMedium",
                                    "justification": "center",
                                    "width": 153,
                                    "x": 140,
                                    "y": 83
                                },
                                "label": {
                                    "font": "xtiny",
                                    "justification": "center",
                                    "x": 140,
                                    "y": 37
                                },
                                "labelDisabled": false,
                                "location": {
                                    "height": 89,
                                    "width": 280,
                                    "x": 0,
                                    "y": 0
                                },
                                "obscurity": [
                                    "left",
                                    "top",
                                    "right"
                                ]
                            },
                            {
                                "data": {
                                    "font": "simExtNumber3",
                                    "justification": "center",
                                    "width": 191,
                                    "x": 139,
                                    "y": 92
                                },
                                "label": {
                                    "font": "xtiny",
                                    "justification": "center",
                                    "x": 140,
                                    "y": 17
                                },
                                "labelDisabled": false,
                                "location": {
                                    "height": 98,
                                    "width": 280,
                                    "x": 0,
                                    "y": 91
                                },
                                "obscurity": [
                                    "left",
                                    "right"
                                ]
                            },
                            {
                                "data": {
                                    "font": "numberMedium",
                                    "justification": "center",
                                    "width": 153,
                                    "x": 140,
                                    "y": 62
                                },
                                "label": {
                                    "font": "xtiny",
                                    "justification": "center",
                                    "x": 140,
                                    "y": 16
                                },
                                "labelDisabled": false,
                                "location": {
                                    "height": 89,
                                    "width": 280,
                                    "x": 0,
                                    "y": 191
                                },
                                "obscurity": [
                                    "left",
                                    "right",
                                    "bottom"
                                ]
                            }
                        ],
                        "name": "3 Fields A"
                    },
                    {
                        "drawBorders": false,
                        "fields": [
                            {
                                "data": {
                                    "font": "numberHot",
                                    "justification": "center",
                                    "width": 174,
                                    "x": 140,
                                    "y": 94
                                },
                                "labelDisabled": true,
                                "location": {
                                    "height": 94,
                                    "width": 280,
                                    "x": 0,
                                    "y": 0
                                },
                                "obscurity": [
                                    "left",
                                    "top",
                                    "right"
                                ]
                            },
                            {
                                "data": {
                                    "font": "simExtNumber3",
                                    "justification": "center",
                                    "width": 191,
                                    "x": 139,
                                    "y": 75
                                },
                                "labelDisabled": true,
                                "location": {
                                    "height": 88,
                                    "width": 280,
                                    "x": 0,
                                    "y": 96
                                },
                                "obscurity": [
                                    "left",
                                    "right"
                                ]
                            },
                            {
                                "data": {
                                    "font": "numberHot",
                                    "justification": "center",
                                    "width": 174,
                                    "x": 140,
                                    "y": 51
                                },
                                "labelDisabled": true,
                                "location": {
                                    "height": 94,
                                    "width": 280,
                                    "x": 0,
                                    "y": 186
                                },
                                "obscurity": [
                                    "left",
                                    "right",
                                    "bottom"
                                ]
                            }
                        ],
                        "name": "3 Fields B"
                    },
                    {
                        "drawBorders": true,
                        "fields": [
                            {
                                "data": {
                                    "font": "numberThaiHot",
                                    "justification": "center",
                                    "width": 179,
                                    "x": 140,
                                    "y": 125
                                },
                                "label": {
                                    "font": "xtiny",
                                    "justification": "center",
                                    "x": 140,
                                    "y": 57
                                },
                                "labelDisabled": false,
                                "location": {
                                    "height": 139,
                                    "width": 280,
                                    "x": 0,
                                    "y": 0
                                },
                                "obscurity": [
                                    "left",
                                    "top",
                                    "right"
                                ]
                            },
                            {
                                "data": {
                                    "font": "numberMild",
                                    "justification": "center",
                                    "width": 111,
                                    "x": 77,
                                    "y": 71
                                },
                                "label": {
                                    "font": "xtiny",
                                    "justification": "center",
                                    "x": 74,
                                    "y": 22
                                },
                                "labelDisabled": false,
                                "location": {
                                    "height": 139,
                                    "width": 139,
                                    "x": 0,
                                    "y": 141
                                },
                                "obscurity": [
                                    "left",
                                    "bottom"
                                ]
                            },
                            {
                                "data": {
                                    "font": "numberMild",
                                    "justification": "center",
                                    "width": 111,
                                    "x": 63,
                                    "y": 71
                                },
                                "label": {
                                    "font": "xtiny",
                                    "justification": "center",
                                    "x": 64,
                                    "y": 22
                                },
                                "labelDisabled": false,
                                "location": {
                                    "height": 139,
                                    "width": 139,
                                    "x": 141,
                                    "y": 141
                                },
                                "obscurity": [
                                    "right",
                                    "bottom"
                                ]
                            }
                        ],
                        "name": "3 Fields C"
                    },
                    {
                        "drawBorders": true,
                        "fields": [
                            {
                                "data": {
                                    "font": "numberMild",
                                    "justification": "center",
                                    "width": 130,
                                    "x": 140,
                                    "y": 64
                                },
                                "label": {
                                    "font": "xtiny",
                                    "justification": "center",
                                    "x": 140,
                                    "y": 29
                                },
                                "labelDisabled": false,
                                "location": {
                                    "height": 69,
                                    "width": 280,
                                    "x": 0,
                                    "y": 0
                                },
                                "obscurity": [
                                    "left",
                                    "top",
                                    "right"
                                ]
                            },
                            {
                                "data": {
                                    "font": "numberMedium",
                                    "justification": "center",
                                    "width": 161,
                                    "x": 140,
                                    "y": 60
                                },
                                "label": {
                                    "font": "xtiny",
                                    "justification": "center",
                                    "x": 140,
                                    "y": 17
                                },
                                "labelDisabled": false,
                                "location": {
                                    "height": 69,
                                    "width": 280,
                                    "x": 0,
                                    "y": 70
                                },
                                "obscurity": [
                                    "left",
                                    "right"
                                ]
                            },
                            {
                                "data": {
                                    "font": "numberMedium",
                                    "justification": "center",
                                    "width": 161,
                                    "x": 140,
                                    "y": 60
                                },
                                "label": {
                                    "font": "xtiny",
                                    "justification": "center",
                                    "x": 140,
                                    "y": 16
                                },
                                "labelDisabled": false,
                                "location": {
                                    "height": 69,
                                    "width": 280,
                                    "x": 0,
                                    "y": 141
                                },
                                "obscurity": [
                                    "left",
                                    "right"
                                ]
                            },
                            {
                                "data": {
                                    "font": "numberMild",
                                    "justification": "center",
                                    "width": 130,
                                    "x": 140,
                                    "y": 54
                                },
                                "label": {
                                    "font": "xtiny",
                                    "justification": "center",
                                    "x": 140,
                                    "y": 16
                                },
                                "labelDisabled": false,
                                "location": {
                                    "height": 69,
                                    "width": 280,
                                    "x": 0,
                                    "y": 211
                                },
                                "obscurity": [
                                    "left",
                                    "right",
                                    "bottom"
                                ]
                            }
                        ],
                        "name": "4 Fields A"
                    },
                    {
                        "drawBorders": true,
                        "fields": [
                            {
                                "data": {
                                    "font": "simExtNumber2",
                                    "justification": "center",
                                    "width": 153,
                                    "x": 140,
                                    "y": 94
                                },
                                "label": {
                                    "font": "xtiny",
                                    "justification": "center",
                                    "x": 140,
                                    "y": 39
                                },
                                "labelDisabled": false,
                                "location": {
                                    "height": 99,
                                    "width": 280,
                                    "x": 0,
                                    "y": 0
                                },
                                "obscurity": [
                                    "left",
                                    "top",
                                    "right"
                                ]
                            },
                            {
                                "data": {
                                    "font": "numberMedium",
                                    "justification": "center",
                                    "width": 133,
                                    "x": 68,
                                    "y": 70
                                },
                                "label": {
                                    "font": "xtiny",
                                    "justification": "center",
                                    "x": 70,
                                    "y": 21
                                },
                                "labelDisabled": false,
                                "location": {
                                    "height": 78,
                                    "width": 139,
                                    "x": 0,
                                    "y": 101
                                },
                                "obscurity": [
                                    "left"
                                ]
                            },
                            {
                                "data": {
                                    "font": "numberMedium",
                                    "justification": "center",
                                    "width": 133,
                                    "x": 66,
                                    "y": 70
                                },
                                "label": {
                                    "font": "xtiny",
                                    "justification": "center",
                                    "x": 69,
                                    "y": 21
                                },
                                "labelDisabled": false,
                                "location": {
                                    "height": 78,
                                    "width": 139,
                                    "x": 141,
                                    "y": 101
                                },
                                "obscurity": [
                                    "right"
                                ]
                            },
                            {
                                "data": {
                                    "font": "simExtNumber2",
                                    "justification": "center",
                                    "width": 153,
                                    "x": 140,
                                    "y": 69
                                },
                                "label": {
                                    "font": "xtiny",
                                    "justification": "center",
                                    "x": 140,
                                    "y": 18
                                },
                                "labelDisabled": false,
                                "location": {
                                    "height": 99,
                                    "width": 280,
                                    "x": 0,
                                    "y": 181
                                },
                                "obscurity": [
                                    "left",
                                    "right",
                                    "bottom"
                                ]
                            }
                        ],
                        "name": "4 Fields B"
                    },
                    {
                        "drawBorders": true,
                        "fields": [
                            {
                                "data": {
                                    "font": "numberMild",
                                    "justification": "center",
                                    "width": 111,
                                    "x": 77,
                                    "y": 127
                                },
                                "label": {
                                    "font": "xtiny",
                                    "justification": "center",
                                    "x": 79,
                                    "y": 79
                                },
                                "labelDisabled": false,
                                "location": {
                                    "height": 139,
                                    "width": 139,
                                    "x": 0,
                                    "y": 0
                                },
                                "obscurity": [
                                    "left",
                                    "top"
                                ]
                            },
                            {
                                "data": {
                                    "font": "numberMild",
                                    "justification": "center",
                                    "width": 111,
                                    "x": 63,
                                    "y": 127
                                },
                                "label": {
                                    "font": "xtiny",
                                    "justification": "center",
                                    "x": 59,
                                    "y": 79
                                },
                                "labelDisabled": false,
                                "location": {
                                    "height": 139,
                                    "width": 139,
                                    "x": 141,
                                    "y": 0
                                },
                                "obscurity": [
                                    "top",
                                    "right"
                                ]
                            },
                            {
                                "data": {
                                    "font": "numberMild",
                                    "justification": "center",
                                    "width": 111,
                                    "x": 77,
                                    "y": 71
                                },
                                "label": {
                                    "font": "xtiny",
                                    "justification": "center",
                                    "x": 79,
                                    "y": 24
                                },
                                "labelDisabled": false,
                                "location": {
                                    "height": 139,
                                    "width": 139,
                                    "x": 0,
                                    "y": 141
                                },
                                "obscurity": [
                                    "left",
                                    "bottom"
                                ]
                            },
                            {
                                "data": {
                                    "font": "numberMild",
                                    "justification": "center",
                                    "width": 111,
                                    "x": 63,
                                    "y": 71
                                },
                                "label": {
                                    "font": "xtiny",
                                    "justification": "center",
                                    "x": 59,
                                    "y": 24
                                },
                                "labelDisabled": false,
                                "location": {
                                    "height": 139,
                                    "width": 139,
                                    "x": 141,
                                    "y": 141
                                },
                                "obscurity": [
                                    "right",
                                    "bottom"
                                ]
                            }
                        ],
                        "name": "4 Fields C"
                    },
                    {
                        "drawBorders": true,
                        "fields": [
                            {
                                "data": {
                                    "font": "simExtNumber1",
                                    "justification": "center",
                                    "width": 130,
                                    "x": 140,
                                    "y": 64
                                },
                                "label": {
                                    "font": "xtiny",
                                    "justification": "center",
                                    "x": 140,
                                    "y": 30
                                },
                                "labelDisabled": false,
                                "location": {
                                    "height": 69,
                                    "width": 280,
                                    "x": 0,
                                    "y": 0
                                },
                                "obscurity": [
                                    "left",
                                    "top",
                                    "right"
                                ]
                            },
                            {
                                "data": {
                                    "font": "numberMedium",
                                    "justification": "center",
                                    "width": 161,
                                    "x": 140,
                                    "y": 60
                                },
                                "label": {
                                    "font": "xtiny",
                                    "justification": "center",
                                    "x": 140,
                                    "y": 17
                                },
                                "labelDisabled": false,
                                "location": {
                                    "height": 69,
                                    "width": 280,
                                    "x": 0,
                                    "y": 70
                                },
                                "obscurity": [
                                    "left",
                                    "right"
                                ]
                            },
                            {
                                "data": {
                                    "font": "simExtNumber1",
                                    "justification": "center",
                                    "width": 111,
                                    "x": 70,
                                    "y": 55
                                },
                                "label": {
                                    "font": "xtiny",
                                    "justification": "center",
                                    "x": 68,
                                    "y": 16
                                },
                                "labelDisabled": false,
                                "location": {
                                    "height": 69,
                                    "width": 139,
                                    "x": 0,
                                    "y": 141
                                },
                                "obscurity": [
                                    "left"
                                ]
                            },
                            {
                                "data": {
                                    "font": "simExtNumber1",
                                    "justification": "center",
                                    "width": 111,
                                    "x": 70,
                                    "y": 55
                                },
                                "label": {
                                    "font": "xtiny",
                                    "justification": "center",
                                    "x": 68,
                                    "y": 16
                                },
                                "labelDisabled": false,
                                "location": {
                                    "height": 69,
                                    "width": 139,
                                    "x": 141,
                                    "y": 141
                                },
                                "obscurity": [
                                    "right"
                                ]
                            },
                            {
                                "data": {
                                    "font": "simExtNumber1",
                                    "justification": "center",
                                    "width": 130,
                                    "x": 140,
                                    "y": 60
                                },
                                "label": {
                                    "font": "xtiny",
                                    "justification": "center",
                                    "x": 140,
                                    "y": 16
                                },
                                "labelDisabled": false,
                                "location": {
                                    "height": 69,
                                    "width": 280,
                                    "x": 0,
                                    "y": 211
                                },
                                "obscurity": [
                                    "left",
                                    "right",
                                    "bottom"
                                ]
                            }
                        ],
                        "name": "5 Fields"
                    },
                    {
                        "drawBorders": true,
                        "fields": [
                            {
                                "data": {
                                    "font": "simExtNumber1",
                                    "justification": "center",
                                    "width": 130,
                                    "x": 140,
                                    "y": 64
                                },
                                "label": {
                                    "font": "xtiny",
                                    "justification": "center",
                                    "x": 140,
                                    "y": 30
                                },
                                "labelDisabled": false,
                                "location": {
                                    "height": 69,
                                    "width": 280,
                                    "x": 0,
                                    "y": 0
                                },
                                "obscurity": [
                                    "left",
                                    "top",
                                    "right"
                                ]
                            },
                            {
                                "data": {
                                    "font": "simExtNumber1",
                                    "justification": "center",
                                    "width": 111,
                                    "x": 70,
                                    "y": 62
                                },
                                "label": {
                                    "font": "xtiny",
                                    "justification": "center",
                                    "x": 68,
                                    "y": 25
                                },
                                "labelDisabled": false,
                                "location": {
                                    "height": 69,
                                    "width": 139,
                                    "x": 0,
                                    "y": 70
                                },
                                "obscurity": [
                                    "left"
                                ]
                            },
                            {
                                "data": {
                                    "font": "simExtNumber1",
                                    "justification": "center",
                                    "width": 111,
                                    "x": 70,
                                    "y": 62
                                },
                                "label": {
                                    "font": "xtiny",
                                    "justification": "center",
                                    "x": 68,
                                    "y": 23
                                },
                                "labelDisabled": false,
                                "location": {
                                    "height": 69,
                                    "width": 139,
                                    "x": 141,
                                    "y": 70
                                },
                                "obscurity": [
                                    "right"
                                ]
                            },
                            {
                                "data": {
                                    "font": "simExtNumber1",
                                    "justification": "center",
                                    "width": 111,
                                    "x": 70,
                                    "y": 55
                                },
                                "label": {
                                    "font": "xtiny",
                                    "justification": "center",
                                    "x": 68,
                                    "y": 16
                                },
                                "labelDisabled": false,
                                "location": {
                                    "height": 69,
                                    "width": 139,
                                    "x": 0,
                                    "y": 141
                                },
                                "obscurity": [
                                    "left"
                                ]
                            },
                            {
                                "data": {
                                    "font": "simExtNumber1",
                                    "justification": "center",
                                    "width": 111,
                                    "x": 70,
                                    "y": 55
                                },
                                "label": {
                                    "font": "xtiny",
                                    "justification": "center",
                                    "x": 68,
                                    "y": 16
                                },
                                "labelDisabled": false,
                                "location": {
                                    "height": 69,
                                    "width": 139,
                                    "x": 141,
                                    "y": 141
                                },
                                "obscurity": [
                                    "right"
                                ]
                            },
                            {
                                "data": {
                                    "font": "simExtNumber1",
                                    "justification": "center",
                                    "width": 130,
                                    "x": 140,
                                    "y": 52
                                },
                                "label": {
                                    "font": "xtiny",
                                    "justification": "center",
                                    "x": 140,
                                    "y": 16
                                },
                                "labelDisabled": false,
                                "location": {
                                    "height": 69,
                                    "width": 280,
                                    "x": 0,
                                    "y": 211
                                },
                                "obscurity": [
                                    "left",
                                    "right",
                                    "bottom"
                                ]
                            }
                        ],
                        "name": "6 Fields"
                    },
                    {
                        "drawBorders": true,
                        "fields": [
                            {
                                "data": {
                                    "font": "simExtNumber1",
                                    "justification": "center",
                                    "width": 130,
                                    "x": 140,
                                    "y": 46
                                },
                                "labelDisabled": true,
                                "location": {
                                    "height": 49,
                                    "width": 280,
                                    "x": 0,
                                    "y": 0
                                },
                                "obscurity": [
                                    "left",
                                    "top",
                                    "right"
                                ]
                            },
                            {
                                "data": {
                                    "font": "simExtNumber1",
                                    "justification": "center",
                                    "width": 111,
                                    "x": 70,
                                    "y": 54
                                },
                                "label": {
                                    "font": "xtiny",
                                    "justification": "center",
                                    "x": 70,
                                    "y": 22
                                },
                                "labelDisabled": false,
                                "location": {
                                    "height": 59,
                                    "width": 139,
                                    "x": 0,
                                    "y": 50
                                },
                                "obscurity": [
                                    "left"
                                ]
                            },
                            {
                                "data": {
                                    "font": "simExtNumber1",
                                    "justification": "center",
                                    "width": 111,
                                    "x": 70,
                                    "y": 54
                                },
                                "label": {
                                    "font": "xtiny",
                                    "justification": "center",
                                    "x": 70,
                                    "y": 22
                                },
                                "labelDisabled": false,
                                "location": {
                                    "height": 59,
                                    "width": 139,
                                    "x": 141,
                                    "y": 50
                                },
                                "obscurity": [
                                    "right"
                                ]
                            },
                            {
                                "data": {
                                    "font": "numberMild",
                                    "justification": "center",
                                    "width": 111,
                                    "x": 140,
                                    "y": 46
                                },
                                "labelDisabled": true,
                                "location": {
                                    "height": 59,
                                    "width": 280,
                                    "x": 0,
                                    "y": 110
                                },
                                "obscurity": [
                                    "left",
                                    "right"
                                ]
                            },
                            {
                                "data": {
                                    "font": "simExtNumber1",
                                    "justification": "center",
                                    "width": 130,
                                    "x": 70,
                                    "y": 50
                                },
                                "label": {
                                    "font": "xtiny",
                                    "justification": "center",
                                    "x": 70,
                                    "y": 15
                                },
                                "labelDisabled": false,
                                "location": {
                                    "height": 59,
                                    "width": 139,
                                    "x": 0,
                                    "y": 171
                                },
                                "obscurity": [
                                    "left"
                                ]
                            },
                            {
                                "data": {
                                    "font": "simExtNumber1",
                                    "justification": "center",
                                    "width": 130,
                                    "x": 70,
                                    "y": 50
                                },
                                "label": {
                                    "font": "xtiny",
                                    "justification": "center",
                                    "x": 70,
                                    "y": 15
                                },
                                "labelDisabled": false,
                                "location": {
                                    "height": 59,
                                    "width": 139,
                                    "x": 141,
                                    "y": 171
                                },
                                "obscurity": [
                                    "right"
                                ]
                            },
                            {
                                "data": {
                                    "font": "simExtNumber1",
                                    "justification": "center",
                                    "width": 130,
                                    "x": 140,
                                    "y": 32
                                },
                                "labelDisabled": true,
                                "location": {
                                    "height": 49,
                                    "width": 280,
                                    "x": 0,
                                    "y": 231
                                },
                                "obscurity": [
                                    "left",
                                    "right",
                                    "bottom"
                                ]
                            }
                        ],
                        "name": "7 Fields"
                    },
                    {
                        "drawBorders": true,
                        "fields": [
                            {
                                "data": {
                                    "font": "simExtNumber1",
                                    "justification": "center",
                                    "width": 130,
                                    "x": 140,
                                    "y": 46
                                },
                                "labelDisabled": true,
                                "location": {
                                    "height": 49,
                                    "width": 280,
                                    "x": 0,
                                    "y": 0
                                },
                                "obscurity": [
                                    "left",
                                    "top",
                                    "right"
                                ]
                            },
                            {
                                "data": {
                                    "font": "simExtNumber1",
                                    "justification": "center",
                                    "width": 111,
                                    "x": 70,
                                    "y": 54
                                },
                                "label": {
                                    "font": "xtiny",
                                    "justification": "center",
                                    "x": 70,
                                    "y": 22
                                },
                                "labelDisabled": false,
                                "location": {
                                    "height": 59,
                                    "width": 139,
                                    "x": 0,
                                    "y": 51
                                },
                                "obscurity": [
                                    "left"
                                ]
                            },
                            {
                                "data": {
                                    "font": "simExtNumber1",
                                    "justification": "center",
                                    "width": 111,
                                    "x": 70,
                                    "y": 54
                                },
                                "label": {
                                    "font": "xtiny",
                                    "justification": "center",
                                    "x": 70,
                                    "y": 22
                                },
                                "labelDisabled": false,
                                "location": {
                                    "height": 59,
                                    "width": 139,
                                    "x": 141,
                                    "y": 51
                                },
                                "obscurity": [
                                    "right"
                                ]
                            },
                            {
                                "data": {
                                    "font": "simExtNumber1",
                                    "justification": "center",
                                    "width": 111,
                                    "x": 70,
                                    "y": 46
                                },
                                "label": {
                                    "font": "xtiny",
                                    "justification": "center",
                                    "x": 70,
                                    "y": 15
                                },
                                "labelDisabled": false,
                                "location": {
                                    "height": 59,
                                    "width": 139,
                                    "x": 0,
                                    "y": 112
                                },
                                "obscurity": [
                                    "left"
                                ]
                            },
                            {
                                "data": {
                                    "font": "simExtNumber1",
                                    "justification": "center",
                                    "width": 111,
                                    "x": 70,
                                    "y": 46
                                },
                                "label": {
                                    "font": "xtiny",
                                    "justification": "center",
                                    "x": 70,
                                    "y": 15
                                },
                                "labelDisabled": false,
                                "location": {
                                    "height": 59,
                                    "width": 139,
                                    "x": 141,
                                    "y": 112
                                },
                                "obscurity": [
                                    "right"
                                ]
                            },
                            {
                                "data": {
                                    "font": "simExtNumber1",
                                    "justification": "center",
                                    "width": 130,
                                    "x": 70,
                                    "y": 50
                                },
                                "label": {
                                    "font": "xtiny",
                                    "justification": "center",
                                    "x": 70,
                                    "y": 15
                                },
                                "labelDisabled": false,
                                "location": {
                                    "height": 59,
                                    "width": 139,
                                    "x": 0,
                                    "y": 173
                                },
                                "obscurity": [
                                    "left"
                                ]
                            },
                            {
                                "data": {
                                    "font": "simExtNumber1",
                                    "justification": "center",
                                    "width": 130,
                                    "x": 70,
                                    "y": 50
                                },
                                "label": {
                                    "font": "xtiny",
                                    "justification": "center",
                                    "x": 70,
                                    "y": 15
                                },
                                "labelDisabled": false,
                                "location": {
                                    "height": 59,
                                    "width": 139,
                                    "x": 141,
                                    "y": 173
                                },
                                "obscurity": [
                                    "right"
                                ]
                            },
                            {
                                "data": {
                                    "font": "simExtNumber1",
                                    "justification": "center",
                                    "width": 130,
                                    "x": 140,
                                    "y": 32
                                },
                                "labelDisabled": true,
                                "location": {
                                    "height": 49,
                                    "width": 280,
                                    "x": 0,
                                    "y": 234
                                },
                                "obscurity": [
                                    "left",
                                    "right",
                                    "bottom"
                                ]
                            }
                        ],
                        "name": "8 Fields"
                    }
                ]
            },
            "menu2": {
                "customTitle": {
                    "height": 62,
                    "width": 147,
                    "x": 66,
                    "y": 22
                },
                "doneButtons": {
                    "bottom": true,
                    "top": true
                },
                "items": {
                    "checks": [
                        {
                            "alignment": "left",
                            "disabledIconFile": "menu2_check_off_vegas.png",
                            "enabledIconFile": "menu2_check_on_vegas.png",
                            "x": 13,
                            "y": 37
                        },
                        {
                            "alignment": "right",
                            "disabledIconFile": "menu2_check_off_vegas.png",
                            "enabledIconFile": "menu2_check_on_vegas.png",
                            "x": 232,
                            "y": 37
                        }
                    ],
                    "icons": {
                        "check": "left",
                        "icon": "left",
                        "leftLocation": {
                            "height": 96,
                            "width": 48,
                            "x": 4,
                            "y": 8
                        },
                        "rightLocation": {
                            "height": 96,
                            "width": 48,
                            "x": 229,
                            "y": 8
                        },
                        "toggle": "right"
                    },
                    "item": {
                        "height": 112,
                        "labelFont": "large",
                        "subLabelFont": "small",
                        "width": 280
                    },
                    "region": {
                        "height": 112,
                        "width": 280,
                        "x": 0,
                        "y": 84
                    },
                    "stringWidths": {
                        "basic": 261,
                        "check": 177,
                        "icon": 177,
                        "toggle": 233
                    },
                    "subItem": {
                        "height": 60,
                        "labelFont": "tiny",
                        "labelWidth": 208,
                        "yOffset": 2
                    },
                    "toggles": [
                        {
                            "alignment": "left",
                            "disabledIconFile": "menu2_toggle_off_left_240x240.png",
                            "enabledIconFile": "menu2_toggle_on_left_240x240.png",
                            "x": 4,
                            "y": 8
                        },
                        {
                            "alignment": "right",
                            "disabledIconFile": "menu2_toggle_off_right_240x240.png",
                            "enabledIconFile": "menu2_toggle_on_right_240x240.png",
                            "x": 257,
                            "y": 8
                        }
                    ]
                },
                "mode": "threeItem",
                "title": {
                    "backgroundColor": "000000",
                    "height": 84,
                    "textColor": "FFFFFF",
                    "width": 280,
                    "x": 0,
                    "y": 0
                },
                "titleString": {
                    "font": "tiny",
                    "width": 140,
                    "x": 139,
                    "y": 49
                }
            },
            "orientation": "portrait",
            "pageIndicator": {
                "colors": {
                    "background": "FFFFFF",
                    "outline": "FFFFFF",
                    "selected": "000000"
                },
                "location": "left",
                "timeout": 5000,
                "type": "arc"
            },
            "picker": {
                "entries": [
                    {
                        "height": 154,
                        "width": 76,
                        "x": 13,
                        "y": 93
                    },
                    {
                        "height": 154,
                        "width": 76,
                        "x": 102,
                        "y": 93
                    },
                    {
                        "height": 154,
                        "width": 76,
                        "x": 191,
                        "y": 93
                    }
                ],
                "nextArrow": {
                    "height": 26,
                    "width": 40,
                    "x": 120,
                    "y": 86
                },
                "previousArrow": {
                    "height": 26,
                    "width": 40,
                    "x": 120,
                    "y": 222
                },
                "showConfirm": true,
                "title": {
                    "height": 77,
                    "width": 290,
                    "x": 0,
                    "y": 0
                }
            },
            "toast": {
                "autoDismissTime": 8000,
                "height": 95,
                "icon": {
                    "height": 40,
                    "width": 40,
                    "x": 140,
                    "y": 26
                },
                "text": {
                    "font": "small",
                    "height": 93,
                    "lineCount": 1,
                    "shortenWithEllipsis": true,
                    "staticJustification": 5,
                    "width": 234,
                    "x": 23,
                    "y": 62
                },
                "type": "partial"
            }
        }
    ],
    "sensorHistory": [
        {
            "interval": 60,
            "size": 360,
            "type": "heartrate"
        },
        {
            "interval": 120,
            "size": 180,
            "type": "elevation"
        },
        {
            "interval": 120,
            "size": 180,
            "type": "temperature"
        },
        {
            "interval": 120,
            "size": 180,
            "type": "pressure"
        },
        {
            "interval": 3600,
            "size": 192,
            "type": "pulseox"
        }
    ],
    "sensorSampleRate": {
        "highFrequencyRate": true,
        "maxAccelRate": 100,
        "maxGyroRate": 100,
        "maxMagRate": 50
    },
    "solarChargingSupport": true,
    "watchdogCount": 120000,
    "wifiExclusions": [
        "normal"
    ]
}