{
    "appStorageCapacity": 262144,
    "constellationConfiguration": [
        {
            "configuration": [
                "GPS L1",
                "GALILEO L1",
                "GLONASS"
            ],
            "name": "World Wide"
        },
        {
            "configuration": [
                "GPS L1",
                "GLONASS",
                "BEIDOU L1"
            ],
            "name": "APAC"
        }
    ],
    "display": {
        "behaviors": [],
        "isTouch": false,
        "landscapeOrientation": 0,
        "location": {
            "height": 260,
            "width": 260,
            "x": 72,
            "y": 138
        },
        "shape": "round"
    },
    "fonts": [
        {
            "fontSet": "ww",
            "fonts": [
                {
                    "filename": "FNT_FENIX6_CDPG_ROBOTO_13B",
                    "name": "xtiny"
                },
                {
                    "filename": "FNT_FENIX6_CDPG_ROBOTO_18B",
                    "name": "tiny"
                },
                {
                    "filename": "FNT_FENIX6_CDPG_ROBOTO_20B",
                    "name": "small"
                },
                {
                    "filename": "FNT_FENIX6_CDPG_ROBOTO_24B",
                    "name": "medium"
                },
                {
                    "filename": "FNT_FENIX6_CDPG_ROBOTO_25B",
                    "name": "large"
                },
                {
                    "filename": "FNT_FENIX6_BIONIC_COND_BOLD_NUMBER_30",
                    "name": "numberMild"
                },
                {
                    "filename": "FNT_FENIX6_BIONIC_COND_BOLD_NUMBER_36",
                    "name": "numberMedium"
                },
                {
                    "filename": "FNT_FENIX6_BIONIC_BOLD_NUMBER_50",
                    "name": "numberHot"
                },
                {
                    "filename": "FNT_FENIX6_BIONIC_BOLD_NUMBER_57",
                    "name": "numberThaiHot"
                },
                {
                    "filename": "FNT_FENIX6_CDPG_ROBOTO_13B",
                    "name": "systemXtiny"
                },
                {
                    "filename": "FNT_FENIX6_CDPG_ROBOTO_18B",
                    "name": "systemTiny"
                },
                {
                    "filename": "FNT_FENIX6_CDPG_ROBOTO_20B",
                    "name": "systemSmall"
                },
                {
                    "filename": "FNT_FENIX6_CDPG_ROBOTO_24B",
                    "name": "systemMedium"
                },
                {
                    "filename": "FNT_FENIX6_CDPG_ROBOTO_25B",
                    "name": "systemLarge"
                },
                {
                    "filename": "FNT_FENIX6_BIONIC_COND_BOLD_NUMBER_30",
                    "name": "systemNumberMild"
                },
                {
                    "filename": "FNT_FENIX6_BIONIC_COND_BOLD_NUMBER_36",
                    "name": "systemNumberMedium"
                },
                {
                    "filename": "FNT_FENIX6_BIONIC_BOLD_NUMBER_50",
                    "name": "systemNumberHot"
                },
                {
                    "filename": "FNT_FENIX6_BIONIC_BOLD_NUMBER_57",
                    "name": "systemNumberThaiHot"
                },
                {
                    "filename": "FNT_FENIX6_CDPG_ROBOTO_15B",
                    "name": "glanceFont"
                },
                {
                    "filename": "FNT_FENIX6_BIONIC_BOLD_NUMBER_18",
                    "name": "glanceNumberFont"
                },
                {
                    "filename": "FNT_FENIX6_BIONIC_COND_BOLD_NUMBER_26",
                    "name": "simExtNumber1"
                },
                {
                    "filename": "FNT_FENIX6_BIONIC_COND_BOLD_NUMBER_45",
                    "name": "simExtNumber2"
                },
                {
                    "filename": "FNT_FENIX6_BIONIC_BOLD_NUMBER_63",
                    "name": "simExtNumber3"
                }
            ]
        },
        {
            "fontSet": "apac_chn",
            "fonts": [
                {
                    "filename": "FNT_FENIX6_NOTO_SANS_CJK_SC_BOLD_CHN_19B",
                    "name": "xtiny"
                },
                {
                    "filename": "FNT_FENIX6_NOTO_SANS_CJK_SC_BOLD_CHN_26B",
                    "name": "tiny"
                },
                {
                    "filename": "FNT_FENIX6_NOTO_SANS_CJK_SC_BOLD_CHN_29B",
                    "name": "small"
                },
                {
                    "filename": "FNT_FENIX6_NOTO_SANS_CJK_SC_BOLD_CHN_34B",
                    "name": "medium"
                },
                {
                    "filename": "FNT_FENIX6_NOTO_SANS_CJK_SC_BOLD_CHN_37B",
                    "name": "large"
                },
                {
                    "filename": "FNT_FENIX6_BIONIC_COND_BOLD_NUMBER_30",
                    "name": "numberMild"
                },
                {
                    "filename": "FNT_FENIX6_BIONIC_COND_BOLD_NUMBER_36",
                    "name": "numberMedium"
                },
                {
                    "filename": "FNT_FENIX6_BIONIC_BOLD_NUMBER_50",
                    "name": "numberHot"
                },
                {
                    "filename": "FNT_FENIX6_BIONIC_BOLD_NUMBER_57",
                    "name": "numberThaiHot"
                },
                {
                    "filename": "FNT_FENIX6_NOTO_SANS_CJK_SC_BOLD_CHN_19B",
                    "name": "systemXtiny"
                },
                {
                    "filename": "FNT_FENIX6_NOTO_SANS_CJK_SC_BOLD_CHN_26B",
                    "name": "systemTiny"
                },
                {
                    "filename": "FNT_FENIX6_NOTO_SANS_CJK_SC_BOLD_CHN_29B",
                    "name": "systemSmall"
                },
                {
                    "filename": "FNT_FENIX6_NOTO_SANS_CJK_SC_BOLD_CHN_34B",
                    "name": "systemMedium"
                },
                {
                    "filename": "FNT_FENIX6_NOTO_SANS_CJK_SC_BOLD_CHN_37B",
                    "name": "systemLarge"
                },
                {
                    "filename": "FNT_FENIX6_BIONIC_COND_BOLD_NUMBER_30",
                    "name": "systemNumberMild"
                },
                {
                    "filename": "FNT_FENIX6_BIONIC_COND_BOLD_NUMBER_36",
                    "name": "systemNumberMedium"
                },
                {
                    "filename": "FNT_FENIX6_BIONIC_BOLD_NUMBER_50",
                    "name": "systemNumberHot"
                },
                {
                    "filename": "FNT_FENIX6_BIONIC_BOLD_NUMBER_57",
                    "name": "systemNumberThaiHot"
                },
                {
                    "filename": "FNT_FENIX6_BIONIC_COND_BOLD_NUMBER_26",
                    "name": "simExtNumber1"
                },
                {
                    "filename": "FNT_FENIX6_BIONIC_COND_BOLD_NUMBER_45",
                    "name": "simExtNumber2"
                },
                {
                    "filename": "FNT_FENIX6_BIONIC_BOLD_NUMBER_63",
                    "name": "simExtNumber3"
                }
            ]
        },
        {
            "fontSet": "apac_twn",
            "fonts": [
                {
                    "filename": "FNT_FENIX6_NOTO_SANS_CJK_SC_BOLD_TWN_19",
                    "name": "xtiny"
                },
                {
                    "filename": "FNT_FENIX6_NOTO_SANS_CJK_SC_BOLD_TWN_26B",
                    "name": "tiny"
                },
                {
                    "filename": "FNT_FENIX6_NOTO_SANS_CJK_SC_BOLD_TWN_29B",
                    "name": "small"
                },
                {
                    "filename": "FNT_FENIX6_NOTO_SANS_CJK_SC_BOLD_TWN_34B",
                    "name": "medium"
                },
                {
                    "filename": "FNT_FENIX6_NOTO_SANS_CJK_SC_BOLD_TWN_37B",
                    "name": "large"
                },
                {
                    "filename": "FNT_FENIX6_BIONIC_COND_BOLD_NUMBER_30",
                    "name": "numberMild"
                },
                {
                    "filename": "FNT_FENIX6_BIONIC_COND_BOLD_NUMBER_36",
                    "name": "numberMedium"
                },
                {
                    "filename": "FNT_FENIX6_BIONIC_BOLD_NUMBER_50",
                    "name": "numberHot"
                },
                {
                    "filename": "FNT_FENIX6_BIONIC_BOLD_NUMBER_57",
                    "name": "numberThaiHot"
                },
                {
                    "filename": "FNT_FENIX6_NOTO_SANS_CJK_SC_BOLD_TWN_19",
                    "name": "systemXtiny"
                },
                {
                    "filename": "FNT_FENIX6_NOTO_SANS_CJK_SC_BOLD_TWN_26B",
                    "name": "systemTiny"
                },
                {
                    "filename": "FNT_FENIX6_NOTO_SANS_CJK_SC_BOLD_TWN_29B",
                    "name": "systemSmall"
                },
                {
                    "filename": "FNT_FENIX6_NOTO_SANS_CJK_SC_BOLD_TWN_34B",
                    "name": "systemMedium"
                },
                {
                    "filename": "FNT_FENIX6_NOTO_SANS_CJK_SC_BOLD_TWN_37B",
                    "name": "systemLarge"
                },
                {
                    "filename": "FNT_FENIX6_BIONIC_COND_BOLD_NUMBER_30",
                    "name": "systemNumberMild"
                },
                {
                    "filename": "FNT_FENIX6_BIONIC_COND_BOLD_NUMBER_36",
                    "name": "systemNumberMedium"
                },
                {
                    "filename": "FNT_FENIX6_BIONIC_BOLD_NUMBER_50",
                    "name": "systemNumberHot"
                },
                {
                    "filename": "FNT_FENIX6_BIONIC_BOLD_NUMBER_57",
                    "name": "systemNumberThaiHot"
                },
                {
                    "filename": "FNT_FENIX6_BIONIC_COND_BOLD_NUMBER_26",
                    "name": "simExtNumber1"
                },
                {
                    "filename": "FNT_FENIX6_BIONIC_COND_BOLD_NUMBER_45",
                    "name": "simExtNumber2"
                },
                {
                    "filename": "FNT_FENIX6_BIONIC_BOLD_NUMBER_63",
                    "name": "simExtNumber3"
                }
            ]
        },
        {
            "fontSet": "apac_jpn",
            "fonts": [
                {
                    "filename": "FNT_FENIX6_NOTO_SANS_CJK_JP_BOLD_19",
                    "name": "xtiny"
                },
                {
                    "filename": "FNT_FENIX6_NOTO_SANS_CJK_JP_BOLD_26B",
                    "name": "tiny"
                },
                {
                    "filename": "FNT_FENIX6_NOTO_SANS_CJK_JP_BOLD_29B",
                    "name": "small"
                },
                {
                    "filename": "FNT_FENIX6_NOTO_SANS_CJK_JP_BOLD_34B",
                    "name": "medium"
                },
                {
                    "filename": "FNT_FENIX6_NOTO_SANS_CJK_JP_BOLD_37B",
                    "name": "large"
                },
                {
                    "filename": "FNT_FENIX6_BIONIC_COND_BOLD_NUMBER_30",
                    "name": "numberMild"
                },
                {
                    "filename": "FNT_FENIX6_BIONIC_COND_BOLD_NUMBER_36",
                    "name": "numberMedium"
                },
                {
                    "filename": "FNT_FENIX6_BIONIC_BOLD_NUMBER_50",
                    "name": "numberHot"
                },
                {
                    "filename": "FNT_FENIX6_BIONIC_BOLD_NUMBER_57",
                    "name": "numberThaiHot"
                },
                {
                    "filename": "FNT_FENIX6_NOTO_SANS_CJK_JP_BOLD_19",
                    "name": "systemXtiny"
                },
                {
                    "filename": "FNT_FENIX6_NOTO_SANS_CJK_JP_BOLD_26B",
                    "name": "systemTiny"
                },
                {
                    "filename": "FNT_FENIX6_NOTO_SANS_CJK_JP_BOLD_29B",
                    "name": "systemSmall"
                },
                {
                    "filename": "FNT_FENIX6_NOTO_SANS_CJK_JP_BOLD_34B",
                    "name": "systemMedium"
                },
                {
                    "filename": "FNT_FENIX6_NOTO_SANS_CJK_JP_BOLD_37B",
                    "name": "systemLarge"
                },
                {
                    "filename": "FNT_FENIX6_BIONIC_COND_BOLD_NUMBER_30",
                    "name": "systemNumberMild"
                },
                {
                    "filename": "FNT_FENIX6_BIONIC_COND_BOLD_NUMBER_36",
                    "name": "systemNumberMedium"
                },
                {
                    "filename": "FNT_FENIX6_BIONIC_BOLD_NUMBER_50",
                    "name": "systemNumberHot"
                },
                {
                    "filename": "FNT_FENIX6_BIONIC_BOLD_NUMBER_57",
                    "name": "systemNumberThaiHot"
                },
                {
                    "filename": "FNT_FENIX6_BIONIC_COND_BOLD_NUMBER_26",
                    "name": "simExtNumber1"
                },
                {
                    "filename": "FNT_FENIX6_BIONIC_COND_BOLD_NUMBER_45",
                    "name": "simExtNumber2"
                },
                {
                    "filename": "FNT_FENIX6_BIONIC_BOLD_NUMBER_63",
                    "name": "simExtNumber3"
                }
            ]
        },
        {
            "fontSet": "apac_kor",
            "fonts": [
                {
                    "filename": "FNT_FENIX6_NOTO_SANS_CJK_KR_BOLD_19",
                    "name": "xtiny"
                },
                {
                    "filename": "FNT_FENIX6_NOTO_SANS_CJK_KR_BOLD_26B",
                    "name": "tiny"
                },
                {
                    "filename": "FNT_FENIX6_NOTO_SANS_CJK_KR_BOLD_29B",
                    "name": "small"
                },
                {
                    "filename": "FNT_FENIX6_NOTO_SANS_CJK_KR_BOLD_34B",
                    "name": "medium"
                },
                {
                    "filename": "FNT_FENIX6_NOTO_SANS_CJK_KR_BOLD_37B",
                    "name": "large"
                },
                {
                    "filename": "FNT_FENIX6_BIONIC_COND_BOLD_NUMBER_30",
                    "name": "numberMild"
                },
                {
                    "filename": "FNT_FENIX6_BIONIC_COND_BOLD_NUMBER_36",
                    "name": "numberMedium"
                },
                {
                    "filename": "FNT_FENIX6_BIONIC_BOLD_NUMBER_50",
                    "name": "numberHot"
                },
                {
                    "filename": "FNT_FENIX6_BIONIC_BOLD_NUMBER_57",
                    "name": "numberThaiHot"
                },
                {
                    "filename": "FNT_FENIX6_NOTO_SANS_CJK_KR_BOLD_19",
                    "name": "systemXtiny"
                },
                {
                    "filename": "FNT_FENIX6_NOTO_SANS_CJK_KR_BOLD_26B",
                    "name": "systemTiny"
                },
                {
                    "filename": "FNT_FENIX6_NOTO_SANS_CJK_KR_BOLD_29B",
                    "name": "systemSmall"
                },
                {
                    "filename": "FNT_FENIX6_NOTO_SANS_CJK_KR_BOLD_34B",
                    "name": "systemMedium"
                },
                {
                    "filename": "FNT_FENIX6_NOTO_SANS_CJK_KR_BOLD_37B",
                    "name": "systemLarge"
                },
                {
                    "filename": "FNT_FENIX6_BIONIC_COND_BOLD_NUMBER_30",
                    "name": "systemNumberMild"
                },
                {
                    "filename": "FNT_FENIX6_BIONIC_COND_BOLD_NUMBER_36",
                    "name": "systemNumberMedium"
                },
                {
                    "filename": "FNT_FENIX6_BIONIC_BOLD_NUMBER_50",
                    "name": "systemNumberHot"
                },
                {
                    "filename": "FNT_FENIX6_BIONIC_BOLD_NUMBER_57",
                    "name": "systemNumberThaiHot"
                },
                {
                    "filename": "FNT_FENIX6_BIONIC_COND_BOLD_NUMBER_26",
                    "name": "simExtNumber1"
                },
                {
                    "filename": "FNT_FENIX6_BIONIC_COND_BOLD_NUMBER_45",
                    "name": "simExtNumber2"
                },
                {
                    "filename": "FNT_FENIX6_BIONIC_BOLD_NUMBER_63",
                    "name": "simExtNumber3"
                }
            ]
        },
        {
            "fontSet": "apac_tha",
            "fonts": [
                {
                    "filename": "bitstreamVeraSans 16",
                    "name": "xtiny"
                },
                {
                    "filename": "bitstreamVeraSans 16",
                    "name": "tiny"
                },
                {
                    "filename": "bitstreamVeraSans 16",
                    "name": "small"
                },
                {
                    "filename": "bitstreamVeraSans 21",
                    "name": "medium"
                },
                {
                    "filename": "bitstreamVeraSans 27",
                    "name": "large"
                },
                {
                    "filename": "FNT_FENIX6_BIONIC_COND_BOLD_NUMBER_30",
                    "name": "numberMild"
                },
                {
                    "filename": "FNT_FENIX6_BIONIC_COND_BOLD_NUMBER_36",
                    "name": "numberMedium"
                },
                {
                    "filename": "FNT_FENIX6_BIONIC_BOLD_NUMBER_50",
                    "name": "numberHot"
                },
                {
                    "filename": "FNT_FENIX6_BIONIC_BOLD_NUMBER_57",
                    "name": "numberThaiHot"
                },
                {
                    "filename": "bitstreamVeraSans 16",
                    "name": "systemXtiny"
                },
                {
                    "filename": "bitstreamVeraSans 16",
                    "name": "systemTiny"
                },
                {
                    "filename": "bitstreamVeraSans 16",
                    "name": "systemSmall"
                },
                {
                    "filename": "bitstreamVeraSans 21",
                    "name": "systemMedium"
                },
                {
                    "filename": "bitstreamVeraSans 27",
                    "name": "systemLarge"
                },
                {
                    "filename": "FNT_FENIX6_BIONIC_COND_BOLD_NUMBER_30",
                    "name": "systemNumberMild"
                },
                {
                    "filename": "FNT_FENIX6_BIONIC_COND_BOLD_NUMBER_36",
                    "name": "systemNumberMedium"
                },
                {
                    "filename": "FNT_FENIX6_BIONIC_BOLD_NUMBER_50",
                    "name": "systemNumberHot"
                },
                {
                    "filename": "FNT_FENIX6_BIONIC_BOLD_NUMBER_57",
                    "name": "systemNumberThaiHot"
                },
                {
                    "filename": "FNT_FENIX6_BIONIC_COND_BOLD_NUMBER_26",
                    "name": "simExtNumber1"
                },
                {
                    "filename": "FNT_FENIX6_BIONIC_COND_BOLD_NUMBER_45",
                    "name": "simExtNumber2"
                },
                {
                    "filename": "FNT_FENIX6_BIONIC_BOLD_NUMBER_63",
                    "name": "simExtNumber3"
                }
            ]
        },
        {
            "fontSet": "apac_vie",
            "fonts": [
                {
                    "filename": "FNT_FENIX6_ROBOTO_CONDENSED_BOLD_VIET_19",
                    "name": "xtiny"
                },
                {
                    "filename": "FNT_FENIX6_ROBOTO_CONDENSED_BOLD_VIET_26B",
                    "name": "tiny"
                },
                {
                    "filename": "FNT_FENIX6_ROBOTO_CONDENSED_BOLD_VIET_29B",
                    "name": "small"
                },
                {
                    "filename": "FNT_FENIX6_ROBOTO_CONDENSED_BOLD_VIET_34B",
                    "name": "medium"
                },
                {
                    "filename": "FNT_FENIX6_ROBOTO_CONDENSED_BOLD_VIET_37B",
                    "name": "large"
                },
                {
                    "filename": "FNT_FENIX6_BIONIC_COND_BOLD_NUMBER_30",
                    "name": "numberMild"
                },
                {
                    "filename": "FNT_FENIX6_BIONIC_COND_BOLD_NUMBER_36",
                    "name": "numberMedium"
                },
                {
                    "filename": "FNT_FENIX6_BIONIC_BOLD_NUMBER_50",
                    "name": "numberHot"
                },
                {
                    "filename": "FNT_FENIX6_BIONIC_BOLD_NUMBER_57",
                    "name": "numberThaiHot"
                },
                {
                    "filename": "FNT_FENIX6_ROBOTO_CONDENSED_BOLD_VIET_19",
                    "name": "systemXtiny"
                },
                {
                    "filename": "FNT_FENIX6_ROBOTO_CONDENSED_BOLD_VIET_26B",
                    "name": "systemTiny"
                },
                {
                    "filename": "FNT_FENIX6_ROBOTO_CONDENSED_BOLD_VIET_29B",
                    "name": "systemSmall"
                },
                {
                    "filename": "FNT_FENIX6_ROBOTO_CONDENSED_BOLD_VIET_34B",
                    "name": "systemMedium"
                },
                {
                    "filename": "FNT_FENIX6_ROBOTO_CONDENSED_BOLD_VIET_37B",
                    "name": "systemLarge"
                },
                {
                    "filename": "FNT_FENIX6_BIONIC_COND_BOLD_NUMBER_30",
                    "name": "systemNumberMild"
                },
                {
                    "filename": "FNT_FENIX6_BIONIC_COND_BOLD_NUMBER_36",
                    "name": "systemNumberMedium"
                },
                {
                    "filename": "FNT_FENIX6_BIONIC_BOLD_NUMBER_50",
                    "name": "systemNumberHot"
                },
                {
                    "filename": "FNT_FENIX6_BIONIC_BOLD_NUMBER_57",
                    "name": "systemNumberThaiHot"
                },
                {
                    "filename": "FNT_FENIX6_BIONIC_COND_BOLD_NUMBER_26",
                    "name": "simExtNumber1"
                },
                {
                    "filename": "FNT_FENIX6_BIONIC_COND_BOLD_NUMBER_45",
                    "name": "simExtNumber2"
                },
                {
                    "filename": "FNT_FENIX6_BIONIC_BOLD_NUMBER_63",
                    "name": "simExtNumber3"
                }
            ]
        }
    ],
    "glance": {
        "contentArea": {
            "height": 93,
            "width": 176,
            "x": 70,
            "y": 12
        },
        "iconArea": {
            "height": 40,
            "width": 40,
            "x": 25,
            "y": 41
        },
        "liveUpdates": false
    },
    "image": "fenix6.png",
    "keys": [
        {
            "behavior": "onSelect",
            "id": "enter",
            "location": {
                "height": 48,
                "width": 40,
                "x": 352,
                "y": 147
            }
        },
        {
            "behavior": "previousPage",
            "id": "up",
            "location": {
                "height": 48,
                "width": 35,
                "x": 0,
                "y": 244
            }
        },
        {
            "behavior": "onMenu",
            "id": "menu",
            "isHold": true,
            "location": {
                "height": 48,
                "width": 35,
                "x": 0,
                "y": 244
            }
        },
        {
            "behavior": "nextPage",
            "id": "down",
            "location": {
                "height": 48,
                "width": 40,
                "x": 19,
                "y": 334
            }
        },
        {
            "behavior": "onBack",
            "id": "esc",
            "location": {
                "height": 48,
                "width": 40,
                "x": 343,
                "y": 334
            }
        }
    ],
    "layouts": [
        {
            "actionMenu": {
                "area": {
                    "height": 260,
                    "width": 131,
                    "x": 147,
                    "y": 0
                },
                "borderDisplay": {
                    "width": 2
                },
                "borderWidth": 2,
                "colors": {
                    "border": "FFFFFF",
                    "selected": "FFFFFF",
                    "selectedText": "FFFFFF",
                    "text": "AAAAAA"
                },
                "entries": [
                    {
                        "alignment": "left",
                        "height": 20,
                        "selection": true,
                        "spacing": 25,
                        "textPadding": 0,
                        "x": 12,
                        "y": 119
                    }
                ],
                "selectionDisplay": {
                    "height": 42,
                    "width": 4,
                    "x": 5,
                    "y": 111
                },
                "type": "partial"
            },
            "datafields": {
                "datafields": [
                    {
                        "drawBorders": true,
                        "fields": [
                            {
                                "data": {
                                    "font": "simExtNumber3",
                                    "justification": "center",
                                    "width": 207,
                                    "x": 129,
                                    "y": 161
                                },
                                "label": {
                                    "font": "xtiny",
                                    "justification": "center",
                                    "x": 130,
                                    "y": 74
                                },
                                "labelDisabled": false,
                                "location": {
                                    "height": 260,
                                    "width": 260,
                                    "x": 0,
                                    "y": 0
                                },
                                "obscurity": [
                                    "left",
                                    "top",
                                    "right",
                                    "bottom"
                                ]
                            }
                        ],
                        "name": "1 Field"
                    },
                    {
                        "drawBorders": true,
                        "fields": [
                            {
                                "data": {
                                    "font": "numberThaiHot",
                                    "justification": "center",
                                    "width": 166,
                                    "x": 129,
                                    "y": 116
                                },
                                "label": {
                                    "font": "xtiny",
                                    "justification": "center",
                                    "x": 130,
                                    "y": 53
                                },
                                "labelDisabled": false,
                                "location": {
                                    "height": 129,
                                    "width": 260,
                                    "x": 0,
                                    "y": 0
                                },
                                "obscurity": [
                                    "left",
                                    "top",
                                    "right"
                                ]
                            },
                            {
                                "data": {
                                    "font": "numberThaiHot",
                                    "justification": "center",
                                    "width": 166,
                                    "x": 129,
                                    "y": 81
                                },
                                "label": {
                                    "font": "xtiny",
                                    "justification": "center",
                                    "x": 130,
                                    "y": 20
                                },
                                "labelDisabled": false,
                                "location": {
                                    "height": 129,
                                    "width": 260,
                                    "x": 0,
                                    "y": 131
                                },
                                "obscurity": [
                                    "left",
                                    "right",
                                    "bottom"
                                ]
                            }
                        ],
                        "name": "2 Fields"
                    },
                    {
                        "drawBorders": true,
                        "fields": [
                            {
                                "data": {
                                    "font": "numberMedium",
                                    "justification": "center",
                                    "width": 143,
                                    "x": 130,
                                    "y": 78
                                },
                                "label": {
                                    "font": "xtiny",
                                    "justification": "center",
                                    "x": 130,
                                    "y": 35
                                },
                                "labelDisabled": false,
                                "location": {
                                    "height": 82,
                                    "width": 260,
                                    "x": 0,
                                    "y": 0
                                },
                                "obscurity": [
                                    "left",
                                    "top",
                                    "right"
                                ]
                            },
                            {
                                "data": {
                                    "font": "simExtNumber3",
                                    "justification": "center",
                                    "width": 178,
                                    "x": 129,
                                    "y": 86
                                },
                                "label": {
                                    "font": "xtiny",
                                    "justification": "center",
                                    "x": 130,
                                    "y": 16
                                },
                                "labelDisabled": false,
                                "location": {
                                    "height": 92,
                                    "width": 260,
                                    "x": 0,
                                    "y": 84
                                },
                                "obscurity": [
                                    "left",
                                    "right"
                                ]
                            },
                            {
                                "data": {
                                    "font": "numberMedium",
                                    "justification": "center",
                                    "width": 143,
                                    "x": 130,
                                    "y": 59
                                },
                                "label": {
                                    "font": "xtiny",
                                    "justification": "center",
                                    "x": 130,
                                    "y": 15
                                },
                                "labelDisabled": false,
                                "location": {
                                    "height": 82,
                                    "width": 260,
                                    "x": 0,
                                    "y": 178
                                },
                                "obscurity": [
                                    "left",
                                    "right",
                                    "bottom"
                                ]
                            }
                        ],
                        "name": "3 Fields A"
                    },
                    {
                        "drawBorders": false,
                        "fields": [
                            {
                                "data": {
                                    "font": "numberHot",
                                    "justification": "center",
                                    "width": 162,
                                    "x": 130,
                                    "y": 86
                                },
                                "labelDisabled": true,
                                "location": {
                                    "height": 87,
                                    "width": 260,
                                    "x": 0,
                                    "y": 0
                                },
                                "obscurity": [
                                    "left",
                                    "top",
                                    "right"
                                ]
                            },
                            {
                                "data": {
                                    "font": "simExtNumber3",
                                    "justification": "center",
                                    "width": 178,
                                    "x": 129,
                                    "y": 69
                                },
                                "labelDisabled": true,
                                "location": {
                                    "height": 82,
                                    "width": 260,
                                    "x": 0,
                                    "y": 89
                                },
                                "obscurity": [
                                    "left",
                                    "right"
                                ]
                            },
                            {
                                "data": {
                                    "font": "numberHot",
                                    "justification": "center",
                                    "width": 162,
                                    "x": 130,
                                    "y": 45
                                },
                                "labelDisabled": true,
                                "location": {
                                    "height": 87,
                                    "width": 260,
                                    "x": 0,
                                    "y": 173
                                },
                                "obscurity": [
                                    "left",
                                    "right",
                                    "bottom"
                                ]
                            }
                        ],
                        "name": "3 Fields B"
                    },
                    {
                        "drawBorders": true,
                        "fields": [
                            {
                                "data": {
                                    "font": "numberThaiHot",
                                    "justification": "center",
                                    "width": 166,
                                    "x": 130,
                                    "y": 117
                                },
                                "label": {
                                    "font": "xtiny",
                                    "justification": "center",
                                    "x": 130,
                                    "y": 54
                                },
                                "labelDisabled": false,
                                "location": {
                                    "height": 129,
                                    "width": 260,
                                    "x": 0,
                                    "y": 0
                                },
                                "obscurity": [
                                    "left",
                                    "top",
                                    "right"
                                ]
                            },
                            {
                                "data": {
                                    "font": "numberMild",
                                    "justification": "center",
                                    "width": 104,
                                    "x": 72,
                                    "y": 68
                                },
                                "label": {
                                    "font": "xtiny",
                                    "justification": "center",
                                    "x": 68,
                                    "y": 23
                                },
                                "labelDisabled": false,
                                "location": {
                                    "height": 129,
                                    "width": 129,
                                    "x": 0,
                                    "y": 131
                                },
                                "obscurity": [
                                    "left",
                                    "bottom"
                                ]
                            },
                            {
                                "data": {
                                    "font": "numberMild",
                                    "justification": "center",
                                    "width": 104,
                                    "x": 57,
                                    "y": 68
                                },
                                "label": {
                                    "font": "xtiny",
                                    "justification": "center",
                                    "x": 61,
                                    "y": 23
                                },
                                "labelDisabled": false,
                                "location": {
                                    "height": 129,
                                    "width": 129,
                                    "x": 131,
                                    "y": 131
                                },
                                "obscurity": [
                                    "right",
                                    "bottom"
                                ]
                            }
                        ],
                        "name": "3 Fields C"
                    },
                    {
                        "drawBorders": true,
                        "fields": [
                            {
                                "data": {
                                    "font": "numberMild",
                                    "justification": "center",
                                    "width": 121,
                                    "x": 130,
                                    "y": 60
                                },
                                "label": {
                                    "font": "xtiny",
                                    "justification": "center",
                                    "x": 130,
                                    "y": 29
                                },
                                "labelDisabled": false,
                                "location": {
                                    "height": 64,
                                    "width": 260,
                                    "x": 0,
                                    "y": 0
                                },
                                "obscurity": [
                                    "left",
                                    "top",
                                    "right"
                                ]
                            },
                            {
                                "data": {
                                    "font": "numberMedium",
                                    "justification": "center",
                                    "width": 139,
                                    "x": 130,
                                    "y": 60
                                },
                                "label": {
                                    "font": "xtiny",
                                    "justification": "center",
                                    "x": 130,
                                    "y": 17
                                },
                                "labelDisabled": false,
                                "location": {
                                    "height": 64,
                                    "width": 260,
                                    "x": 0,
                                    "y": 65
                                },
                                "obscurity": [
                                    "left",
                                    "right"
                                ]
                            },
                            {
                                "data": {
                                    "font": "numberMedium",
                                    "justification": "center",
                                    "width": 139,
                                    "x": 130,
                                    "y": 60
                                },
                                "label": {
                                    "font": "xtiny",
                                    "justification": "center",
                                    "x": 130,
                                    "y": 16
                                },
                                "labelDisabled": false,
                                "location": {
                                    "height": 64,
                                    "width": 260,
                                    "x": 0,
                                    "y": 131
                                },
                                "obscurity": [
                                    "left",
                                    "right"
                                ]
                            },
                            {
                                "data": {
                                    "font": "numberMild",
                                    "justification": "center",
                                    "width": 121,
                                    "x": 130,
                                    "y": 51
                                },
                                "label": {
                                    "font": "xtiny",
                                    "justification": "center",
                                    "x": 130,
                                    "y": 16
                                },
                                "labelDisabled": false,
                                "location": {
                                    "height": 64,
                                    "width": 260,
                                    "x": 0,
                                    "y": 196
                                },
                                "obscurity": [
                                    "left",
                                    "right",
                                    "bottom"
                                ]
                            }
                        ],
                        "name": "4 Fields A"
                    },
                    {
                        "drawBorders": true,
                        "fields": [
                            {
                                "data": {
                                    "font": "simExtNumber2",
                                    "justification": "center",
                                    "width": 143,
                                    "x": 130,
                                    "y": 89
                                },
                                "label": {
                                    "font": "xtiny",
                                    "justification": "center",
                                    "x": 130,
                                    "y": 37
                                },
                                "labelDisabled": false,
                                "location": {
                                    "height": 92,
                                    "width": 260,
                                    "x": 0,
                                    "y": 0
                                },
                                "obscurity": [
                                    "left",
                                    "top",
                                    "right"
                                ]
                            },
                            {
                                "data": {
                                    "font": "numberMedium",
                                    "justification": "center",
                                    "width": 124,
                                    "x": 68,
                                    "y": 66
                                },
                                "label": {
                                    "font": "xtiny",
                                    "justification": "center",
                                    "x": 64,
                                    "y": 20
                                },
                                "labelDisabled": false,
                                "location": {
                                    "height": 72,
                                    "width": 129,
                                    "x": 0,
                                    "y": 94
                                },
                                "obscurity": [
                                    "left"
                                ]
                            },
                            {
                                "data": {
                                    "font": "numberMedium",
                                    "justification": "center",
                                    "width": 124,
                                    "x": 68,
                                    "y": 66
                                },
                                "label": {
                                    "font": "xtiny",
                                    "justification": "center",
                                    "x": 64,
                                    "y": 20
                                },
                                "labelDisabled": false,
                                "location": {
                                    "height": 72,
                                    "width": 129,
                                    "x": 131,
                                    "y": 94
                                },
                                "obscurity": [
                                    "right"
                                ]
                            },
                            {
                                "data": {
                                    "font": "simExtNumber2",
                                    "justification": "center",
                                    "width": 143,
                                    "x": 130,
                                    "y": 70
                                },
                                "label": {
                                    "font": "xtiny",
                                    "justification": "center",
                                    "x": 130,
                                    "y": 17
                                },
                                "labelDisabled": false,
                                "location": {
                                    "height": 92,
                                    "width": 260,
                                    "x": 0,
                                    "y": 168
                                },
                                "obscurity": [
                                    "left",
                                    "right",
                                    "bottom"
                                ]
                            }
                        ],
                        "name": "4 Fields B"
                    },
                    {
                        "drawBorders": true,
                        "fields": [
                            {
                                "data": {
                                    "font": "numberMild",
                                    "justification": "center",
                                    "width": 104,
                                    "x": 69,
                                    "y": 118
                                },
                                "label": {
                                    "font": "xtiny",
                                    "justification": "center",
                                    "x": 73,
                                    "y": 71
                                },
                                "labelDisabled": false,
                                "location": {
                                    "height": 129,
                                    "width": 129,
                                    "x": 0,
                                    "y": 0
                                },
                                "obscurity": [
                                    "left",
                                    "top"
                                ]
                            },
                            {
                                "data": {
                                    "font": "numberMild",
                                    "justification": "center",
                                    "width": 104,
                                    "x": 58,
                                    "y": 118
                                },
                                "label": {
                                    "font": "xtiny",
                                    "justification": "center",
                                    "x": 55,
                                    "y": 71
                                },
                                "labelDisabled": false,
                                "location": {
                                    "height": 129,
                                    "width": 129,
                                    "x": 131,
                                    "y": 0
                                },
                                "obscurity": [
                                    "top",
                                    "right"
                                ]
                            },
                            {
                                "data": {
                                    "font": "numberMild",
                                    "justification": "center",
                                    "width": 104,
                                    "x": 69,
                                    "y": 67
                                },
                                "label": {
                                    "font": "xtiny",
                                    "justification": "center",
                                    "x": 73,
                                    "y": 22
                                },
                                "labelDisabled": false,
                                "location": {
                                    "height": 129,
                                    "width": 129,
                                    "x": 0,
                                    "y": 131
                                },
                                "obscurity": [
                                    "left",
                                    "bottom"
                                ]
                            },
                            {
                                "data": {
                                    "font": "numberMild",
                                    "justification": "center",
                                    "width": 104,
                                    "x": 58,
                                    "y": 67
                                },
                                "label": {
                                    "font": "xtiny",
                                    "justification": "center",
                                    "x": 55,
                                    "y": 22
                                },
                                "labelDisabled": false,
                                "location": {
                                    "height": 129,
                                    "width": 129,
                                    "x": 131,
                                    "y": 131
                                },
                                "obscurity": [
                                    "right",
                                    "bottom"
                                ]
                            }
                        ],
                        "name": "4 Fields C"
                    },
                    {
                        "drawBorders": true,
                        "fields": [
                            {
                                "data": {
                                    "font": "simExtNumber1",
                                    "justification": "center",
                                    "width": 112,
                                    "x": 130,
                                    "y": 61
                                },
                                "label": {
                                    "font": "xtiny",
                                    "justification": "center",
                                    "x": 130,
                                    "y": 28
                                },
                                "labelDisabled": false,
                                "location": {
                                    "height": 64,
                                    "width": 260,
                                    "x": 0,
                                    "y": 0
                                },
                                "obscurity": [
                                    "left",
                                    "top",
                                    "right"
                                ]
                            },
                            {
                                "data": {
                                    "font": "numberMedium",
                                    "justification": "center",
                                    "width": 139,
                                    "x": 130,
                                    "y": 59
                                },
                                "label": {
                                    "font": "xtiny",
                                    "justification": "center",
                                    "x": 130,
                                    "y": 16
                                },
                                "labelDisabled": false,
                                "location": {
                                    "height": 64,
                                    "width": 260,
                                    "x": 0,
                                    "y": 65
                                },
                                "obscurity": [
                                    "left",
                                    "right"
                                ]
                            },
                            {
                                "data": {
                                    "font": "simExtNumber1",
                                    "justification": "center",
                                    "width": 104,
                                    "x": 65,
                                    "y": 51
                                },
                                "label": {
                                    "font": "xtiny",
                                    "justification": "center",
                                    "x": 63,
                                    "y": 15
                                },
                                "labelDisabled": false,
                                "location": {
                                    "height": 64,
                                    "width": 129,
                                    "x": 0,
                                    "y": 131
                                },
                                "obscurity": [
                                    "left"
                                ]
                            },
                            {
                                "data": {
                                    "font": "simExtNumber1",
                                    "justification": "center",
                                    "width": 104,
                                    "x": 65,
                                    "y": 51
                                },
                                "label": {
                                    "font": "xtiny",
                                    "justification": "center",
                                    "x": 63,
                                    "y": 15
                                },
                                "labelDisabled": false,
                                "location": {
                                    "height": 64,
                                    "width": 129,
                                    "x": 131,
                                    "y": 131
                                },
                                "obscurity": [
                                    "right"
                                ]
                            },
                            {
                                "data": {
                                    "font": "simExtNumber1",
                                    "justification": "center",
                                    "width": 121,
                                    "x": 130,
                                    "y": 48
                                },
                                "label": {
                                    "font": "xtiny",
                                    "justification": "center",
                                    "x": 130,
                                    "y": 15
                                },
                                "labelDisabled": false,
                                "location": {
                                    "height": 64,
                                    "width": 260,
                                    "x": 0,
                                    "y": 196
                                },
                                "obscurity": [
                                    "left",
                                    "right",
                                    "bottom"
                                ]
                            }
                        ],
                        "name": "5 Fields"
                    },
                    {
                        "drawBorders": true,
                        "fields": [
                            {
                                "data": {
                                    "font": "simExtNumber1",
                                    "justification": "center",
                                    "width": 121,
                                    "x": 130,
                                    "y": 61
                                },
                                "label": {
                                    "font": "xtiny",
                                    "justification": "center",
                                    "x": 130,
                                    "y": 28
                                },
                                "labelDisabled": false,
                                "location": {
                                    "height": 64,
                                    "width": 260,
                                    "x": 0,
                                    "y": 0
                                },
                                "obscurity": [
                                    "left",
                                    "top",
                                    "right"
                                ]
                            },
                            {
                                "data": {
                                    "font": "simExtNumber1",
                                    "justification": "center",
                                    "width": 104,
                                    "x": 65,
                                    "y": 59
                                },
                                "label": {
                                    "font": "xtiny",
                                    "justification": "center",
                                    "x": 63,
                                    "y": 24
                                },
                                "labelDisabled": false,
                                "location": {
                                    "height": 64,
                                    "width": 129,
                                    "x": 0,
                                    "y": 65
                                },
                                "obscurity": [
                                    "left"
                                ]
                            },
                            {
                                "data": {
                                    "font": "simExtNumber1",
                                    "justification": "center",
                                    "width": 104,
                                    "x": 65,
                                    "y": 59
                                },
                                "label": {
                                    "font": "xtiny",
                                    "justification": "center",
                                    "x": 63,
                                    "y": 24
                                },
                                "labelDisabled": false,
                                "location": {
                                    "height": 64,
                                    "width": 129,
                                    "x": 131,
                                    "y": 65
                                },
                                "obscurity": [
                                    "right"
                                ]
                            },
                            {
                                "data": {
                                    "font": "simExtNumber1",
                                    "justification": "center",
                                    "width": 104,
                                    "x": 65,
                                    "y": 51
                                },
                                "label": {
                                    "font": "xtiny",
                                    "justification": "center",
                                    "x": 63,
                                    "y": 15
                                },
                                "labelDisabled": false,
                                "location": {
                                    "height": 64,
                                    "width": 129,
                                    "x": 0,
                                    "y": 131
                                },
                                "obscurity": [
                                    "left"
                                ]
                            },
                            {
                                "data": {
                                    "font": "simExtNumber1",
                                    "justification": "center",
                                    "width": 104,
                                    "x": 65,
                                    "y": 51
                                },
                                "label": {
                                    "font": "xtiny",
                                    "justification": "center",
                                    "x": 63,
                                    "y": 15
                                },
                                "labelDisabled": false,
                                "location": {
                                    "height": 64,
                                    "width": 129,
                                    "x": 131,
                                    "y": 131
                                },
                                "obscurity": [
                                    "right"
                                ]
                            },
                            {
                                "data": {
                                    "font": "simExtNumber1",
                                    "justification": "center",
                                    "width": 121,
                                    "x": 130,
                                    "y": 48
                                },
                                "label": {
                                    "font": "xtiny",
                                    "justification": "center",
                                    "x": 130,
                                    "y": 15
                                },
                                "labelDisabled": false,
                                "location": {
                                    "height": 64,
                                    "width": 260,
                                    "x": 0,
                                    "y": 196
                                },
                                "obscurity": [
                                    "left",
                                    "right",
                                    "bottom"
                                ]
                            }
                        ],
                        "name": "6 Fields"
                    }
                ]
            },
            "menu2": {
                "customTitle": {
                    "height": 57,
                    "width": 137,
                    "x": 62,
                    "y": 20
                },
                "doneButtons": {
                    "bottom": true,
                    "top": true
                },
                "items": {
                    "checks": [
                        {
                            "alignment": "left",
                            "disabledIconFile": "menu2_check_off_vegas.png",
                            "enabledIconFile": "menu2_check_on_vegas.png",
                            "x": 12,
                            "y": 35
                        },
                        {
                            "alignment": "right",
                            "disabledIconFile": "menu2_check_off_vegas.png",
                            "enabledIconFile": "menu2_check_on_vegas.png",
                            "x": 216,
                            "y": 35
                        }
                    ],
                    "icons": {
                        "check": "left",
                        "icon": "left",
                        "leftLocation": {
                            "height": 89,
                            "width": 44,
                            "x": 3,
                            "y": 8
                        },
                        "rightLocation": {
                            "height": 89,
                            "width": 44,
                            "x": 212,
                            "y": 8
                        },
                        "toggle": "right"
                    },
                    "item": {
                        "height": 104,
                        "labelFont": "large",
                        "subLabelFont": "small",
                        "width": 260
                    },
                    "region": {
                        "height": 104,
                        "width": 260,
                        "x": 0,
                        "y": 78
                    },
                    "stringWidths": {
                        "basic": 242,
                        "check": 165,
                        "icon": 165,
                        "toggle": 217
                    },
                    "subItem": {
                        "height": 55,
                        "labelFont": "tiny",
                        "labelWidth": 193,
                        "yOffset": 2
                    },
                    "toggles": [
                        {
                            "alignment": "left",
                            "disabledIconFile": "menu2_toggle_off_left_240x240.png",
                            "enabledIconFile": "menu2_toggle_on_left_240x240.png",
                            "x": 3,
                            "y": 8
                        },
                        {
                            "alignment": "right",
                            "disabledIconFile": "menu2_toggle_off_right_240x240.png",
                            "enabledIconFile": "menu2_toggle_on_right_240x240.png",
                            "x": 238,
                            "y": 8
                        }
                    ]
                },
                "mode": "threeItem",
                "title": {
                    "backgroundColor": "000000",
                    "height": 78,
                    "textColor": "FFFFFF",
                    "width": 260,
                    "x": 0,
                    "y": 0
                },
                "titleString": {
                    "font": "tiny",
                    "width": 130,
                    "x": 129,
                    "y": 46
                }
            },
            "orientation": "portrait",
            "pageIndicator": {
                "colors": {
                    "background": "FFFFFF",
                    "outline": "FFFFFF",
                    "selected": "000000"
                },
                "location": "left",
                "timeout": 5000,
                "type": "arc"
            },
            "picker": {
                "entries": [
                    {
                        "height": 143,
                        "width": 70,
                        "x": 12,
                        "y": 87
                    },
                    {
                        "height": 143,
                        "width": 70,
                        "x": 94,
                        "y": 87
                    },
                    {
                        "height": 143,
                        "width": 70,
                        "x": 178,
                        "y": 87
                    }
                ],
                "nextArrow": {
                    "height": 24,
                    "width": 37,
                    "x": 112,
                    "y": 80
                },
                "previousArrow": {
                    "height": 24,
                    "width": 37,
                    "x": 112,
                    "y": 206
                },
                "showConfirm": true,
                "title": {
                    "height": 72,
                    "width": 260,
                    "x": 0,
                    "y": 0
                }
            },
            "toast": {
                "autoDismissTime": 8000,
                "height": 88,
                "icon": {
                    "height": 40,
                    "width": 40,
                    "x": 130,
                    "y": 26
                },
                "text": {
                    "font": "small",
                    "height": 86,
                    "lineCount": 1,
                    "shortenWithEllipsis": true,
                    "staticJustification": 5,
                    "width": 217,
                    "x": 21,
                    "y": 62
                },
                "type": "partial"
            }
        }
    ],
    "sensorHistory": [
        {
            "interval": 60,
            "size": 360,
            "type": "heartrate"
        },
        {
            "interval": 120,
            "size": 180,
            "type": "elevation"
        },
        {
            "interval": 120,
            "size": 180,
            "type": "temperature"
        },
        {
            "interval": 120,
            "size": 180,
            "type": "pressure"
        },
        {
            "interval": 3600,
            "size": 192,
            "type": "pulseox"
        }
    ],
    "sensorSampleRate": {
        "highFrequencyRate": true,
        "maxAccelRate": 100,
        "maxGyroRate": 100,
        "maxMagRate": 50
    },
    "solarChargingSupport": true,
    "watchdogCount": 120000,
    "wifiExclusions": [
        "normal"
    ]
}