{
    "alphaBlendingSupport": true,
    "appTypes": [
        {
            "memoryLimit": 524288,
            "type": "audioContentProvider"
        },
        {
            "memoryLimit": 65536,
            "type": "background"
        },
        {
            "memoryLimit": 262144,
            "type": "datafield"
        },
        {
            "memoryLimit": 65536,
            "type": "glance"
        },
        {
            "memoryLimit": 786432,
            "type": "watchApp"
        },
        {
            "memoryLimit": 131072,
            "type": "watchFace"
        }
    ],
    "bitsPerPixel": 16,
    "complicationIcon": {
        "height": 44,
        "width": 44
    },
    "deviceFamily": "rectangle-448x486",
    "deviceGroup": "Watches/Wearables",
    "deviceId": "venux1",
    "deviceVersion": "13b37f88684e1360109b1b153bd35664b4e64040",
    "displayName": "Venu® X1",
    "displayType": "amoled",
    "enhancedGraphicSupport": true,
    "hardwarePartNumber": "010-02980-00",
    "imageFormats": [
        "yuv",
        "jpg",
        "png"
    ],
    "imageUrl": "https://res.garmin.com/en/products/010-02980-00/v/cf-sm.jpg",
    "launcherIcon": {
        "height": 65,
        "width": 65
    },
    "orientation": 0,
    "partNumbers": [
        {
            "connectIQVersion": "5.1.1",
            "languages": [
                {
                    "code": "ara",
                    "fontSet": "ww"
                },
                {
                    "code": "bul",
                    "fontSet": "ww"
                },
                {
                    "code": "ces",
                    "fontSet": "ww"
                },
                {
                    "code": "dan",
                    "fontSet": "ww"
                },
                {
                    "code": "deu",
                    "fontSet": "ww"
                },
                {
                    "code": "dut",
                    "fontSet": "ww"
                },
                {
                    "code": "eng",
                    "fontSet": "ww"
                },
                {
                    "code": "est",
                    "fontSet": "ww"
                },
                {
                    "code": "fin",
                    "fontSet": "ww"
                },
                {
                    "code": "fre",
                    "fontSet": "ww"
                },
                {
                    "code": "gre",
                    "fontSet": "ww"
                },
                {
                    "code": "heb",
                    "fontSet": "ww"
                },
                {
                    "code": "hrv",
                    "fontSet": "ww"
                },
                {
                    "code": "hun",
                    "fontSet": "ww"
                },
                {
                    "code": "ita",
                    "fontSet": "ww"
                },
                {
                    "code": "lav",
                    "fontSet": "ww"
                },
                {
                    "code": "lit",
                    "fontSet": "ww"
                },
                {
                    "code": "nob",
                    "fontSet": "ww"
                },
                {
                    "code": "pol",
                    "fontSet": "ww"
                },
                {
                    "code": "por",
                    "fontSet": "ww"
                },
                {
                    "code": "ron",
                    "fontSet": "ww"
                },
                {
                    "code": "rus",
                    "fontSet": "ww"
                },
                {
                    "code": "slo",
                    "fontSet": "ww"
                },
                {
                    "code": "slv",
                    "fontSet": "ww"
                },
                {
                    "code": "spa",
                    "fontSet": "ww"
                },
                {
                    "code": "swe",
                    "fontSet": "ww"
                },
                {
                    "code": "tur",
                    "fontSet": "ww"
                },
                {
                    "code": "ukr",
                    "fontSet": "ww"
                },
                {
                    "code": "ind",
                    "fontSet": "ww"
                },
                {
                    "code": "zsm",
                    "fontSet": "ww"
                },
                {
                    "code": "vie",
                    "fontSet": "ww"
                },
                {
                    "code": "zhs",
                    "fontSet": "apac_zh"
                },
                {
                    "code": "zht",
                    "fontSet": "apac_zh"
                },
                {
                    "code": "jpn",
                    "fontSet": "apac_jpn"
                },
                {
                    "code": "kor",
                    "fontSet": "apac_kor"
                },
                {
                    "code": "tha",
                    "fontSet": "apac_tha"
                }
            ],
            "number": "006-B4603-00"
        }
    ],
    "resolution": {
        "height": 486,
        "width": 448
    },
    "screenRotationSupport": false,
    "worldWidePartNumber": "006-B4603-00"
}