{
    "display": {
        "behaviors": [
            {
                "gesture": "swipeRight",
                "id": "previousPage"
            },
            {
                "gesture": "swipeLeft",
                "id": "nextPage"
            },
            {
                "gesture": "swipeUp"
            },
            {
                "gesture": "swipeDown"
            },
            {
                "gesture": "hold"
            },
            {
                "gesture": "release"
            },
            {
                "gesture": "tap",
                "id": "onSelect"
            }
        ],
        "isTouch": true,
        "landscapeOrientation": 0,
        "location": {
            "height": 240,
            "width": 240,
            "x": 113,
            "y": 155
        },
        "shape": "round"
    },
    "fonts": [
        {
            "fontSet": "ww",
            "fonts": [
                {
                    "filename": "FNT_NOTO_SANS_BOLD_16PX",
                    "name": "xtiny"
                },
                {
                    "filename": "FNT_NOTO_SANS_BOLD_22PX",
                    "name": "tiny"
                },
                {
                    "filename": "FNT_NOTO_SANS_BOLD_22PX",
                    "name": "small"
                },
                {
                    "filename": "FNT_NOTO_SANS_BOLD_25PX",
                    "name": "medium"
                },
                {
                    "filename": "FNT_NOTO_SANS_BOLD_25PX",
                    "name": "large"
                },
                {
                    "filename": "FNT_NOTO_SANS_BOLD_29PX",
                    "name": "numberMild"
                },
                {
                    "filename": "FNT_NOTO_SANS_BOLD_NMBR_48PX",
                    "name": "numberMedium"
                },
                {
                    "filename": "FNT_NOTO_SANS_BOLD_NMBR_76PX",
                    "name": "numberHot"
                },
                {
                    "filename": "FNT_NOTO_SANS_BOLD_NMBR_94PX",
                    "name": "numberThaiHot"
                },
                {
                    "filename": "FNT_NOTO_SANS_BOLD_16PX",
                    "name": "systemXtiny"
                },
                {
                    "filename": "FNT_NOTO_SANS_BOLD_22PX",
                    "name": "systemTiny"
                },
                {
                    "filename": "FNT_NOTO_SANS_BOLD_22PX",
                    "name": "systemSmall"
                },
                {
                    "filename": "FNT_NOTO_SANS_BOLD_25PX",
                    "name": "systemMedium"
                },
                {
                    "filename": "FNT_NOTO_SANS_BOLD_25PX",
                    "name": "systemLarge"
                },
                {
                    "filename": "FNT_NOTO_SANS_BOLD_29PX",
                    "name": "systemNumberMild"
                },
                {
                    "filename": "FNT_NOTO_SANS_BOLD_NMBR_48PX",
                    "name": "systemNumberMedium"
                },
                {
                    "filename": "FNT_NOTO_SANS_BOLD_NMBR_76PX",
                    "name": "systemNumberHot"
                },
                {
                    "filename": "FNT_NOTO_SANS_BOLD_NMBR_94PX",
                    "name": "systemNumberThaiHot"
                }
            ]
        },
        {
            "fontSet": "apac_chn",
            "fonts": [
                {
                    "filename": "FNT_NOTO_SANS_CJK_SC_BOLD_CHN_15PX",
                    "name": "xtiny"
                },
                {
                    "filename": "FNT_NOTO_SANS_CJK_SC_BOLD_CHN_21PX",
                    "name": "tiny"
                },
                {
                    "filename": "FNT_NOTO_SANS_CJK_SC_BOLD_CHN_21PX",
                    "name": "small"
                },
                {
                    "filename": "FNT_NOTO_SANS_CJK_SC_BOLD_CHN_23PX",
                    "name": "medium"
                },
                {
                    "filename": "FNT_NOTO_SANS_CJK_SC_BOLD_CHN_23PX",
                    "name": "large"
                },
                {
                    "filename": "FNT_NOTO_SANS_BOLD_29PX",
                    "name": "numberMild"
                },
                {
                    "filename": "FNT_NOTO_SANS_BOLD_NMBR_48PX",
                    "name": "numberMedium"
                },
                {
                    "filename": "FNT_NOTO_SANS_BOLD_NMBR_76PX",
                    "name": "numberHot"
                },
                {
                    "filename": "FNT_NOTO_SANS_BOLD_NMBR_94PX",
                    "name": "numberThaiHot"
                },
                {
                    "filename": "FNT_NOTO_SANS_CJK_SC_BOLD_CHN_15PX",
                    "name": "systemXtiny"
                },
                {
                    "filename": "FNT_NOTO_SANS_CJK_SC_BOLD_CHN_21PX",
                    "name": "systemTiny"
                },
                {
                    "filename": "FNT_NOTO_SANS_CJK_SC_BOLD_CHN_21PX",
                    "name": "systemSmall"
                },
                {
                    "filename": "FNT_NOTO_SANS_CJK_SC_BOLD_CHN_23PX",
                    "name": "systemMedium"
                },
                {
                    "filename": "FNT_NOTO_SANS_CJK_SC_BOLD_CHN_23PX",
                    "name": "systemLarge"
                },
                {
                    "filename": "FNT_NOTO_SANS_BOLD_29PX",
                    "name": "systemNumberMild"
                },
                {
                    "filename": "FNT_NOTO_SANS_BOLD_NMBR_48PX",
                    "name": "systemNumberMedium"
                },
                {
                    "filename": "FNT_NOTO_SANS_BOLD_NMBR_76PX",
                    "name": "systemNumberHot"
                },
                {
                    "filename": "FNT_NOTO_SANS_BOLD_NMBR_94PX",
                    "name": "systemNumberThaiHot"
                }
            ]
        },
        {
            "fontSet": "apac_twn",
            "fonts": [
                {
                    "filename": "FNT_NOTO_SANS_CJK_SC_BOLD_TWN_15PX",
                    "name": "xtiny"
                },
                {
                    "filename": "FNT_NOTO_SANS_CJK_SC_BOLD_TWN_21PX",
                    "name": "tiny"
                },
                {
                    "filename": "FNT_NOTO_SANS_CJK_SC_BOLD_TWN_21PX",
                    "name": "small"
                },
                {
                    "filename": "FNT_NOTO_SANS_CJK_SC_BOLD_TWN_23PX",
                    "name": "medium"
                },
                {
                    "filename": "FNT_NOTO_SANS_CJK_SC_BOLD_TWN_23PX",
                    "name": "large"
                },
                {
                    "filename": "FNT_NOTO_SANS_BOLD_29PX",
                    "name": "numberMild"
                },
                {
                    "filename": "FNT_NOTO_SANS_BOLD_NMBR_48PX",
                    "name": "numberMedium"
                },
                {
                    "filename": "FNT_NOTO_SANS_BOLD_NMBR_76PX",
                    "name": "numberHot"
                },
                {
                    "filename": "FNT_NOTO_SANS_BOLD_NMBR_94PX",
                    "name": "numberThaiHot"
                },
                {
                    "filename": "FNT_NOTO_SANS_CJK_SC_BOLD_TWN_15PX",
                    "name": "systemXtiny"
                },
                {
                    "filename": "FNT_NOTO_SANS_CJK_SC_BOLD_TWN_21PX",
                    "name": "systemTiny"
                },
                {
                    "filename": "FNT_NOTO_SANS_CJK_SC_BOLD_TWN_21PX",
                    "name": "systemSmall"
                },
                {
                    "filename": "FNT_NOTO_SANS_CJK_SC_BOLD_TWN_23PX",
                    "name": "systemMedium"
                },
                {
                    "filename": "FNT_NOTO_SANS_CJK_SC_BOLD_TWN_23PX",
                    "name": "systemLarge"
                },
                {
                    "filename": "FNT_NOTO_SANS_BOLD_29PX",
                    "name": "systemNumberMild"
                },
                {
                    "filename": "FNT_NOTO_SANS_BOLD_NMBR_48PX",
                    "name": "systemNumberMedium"
                },
                {
                    "filename": "FNT_NOTO_SANS_BOLD_NMBR_76PX",
                    "name": "systemNumberHot"
                },
                {
                    "filename": "FNT_NOTO_SANS_BOLD_NMBR_94PX",
                    "name": "systemNumberThaiHot"
                }
            ]
        },
        {
            "fontSet": "apac_jpn",
            "fonts": [
                {
                    "filename": "FNT_NOTO_SANS_CJK_JP_BOLD_15PX",
                    "name": "xtiny"
                },
                {
                    "filename": "FNT_NOTO_SANS_CJK_JP_BOLD_21PX",
                    "name": "tiny"
                },
                {
                    "filename": "FNT_NOTO_SANS_CJK_JP_BOLD_21PX",
                    "name": "small"
                },
                {
                    "filename": "FNT_NOTO_SANS_CJK_JP_BOLD_23PX",
                    "name": "medium"
                },
                {
                    "filename": "FNT_NOTO_SANS_CJK_JP_BOLD_23PX",
                    "name": "large"
                },
                {
                    "filename": "FNT_NOTO_SANS_BOLD_29PX",
                    "name": "numberMild"
                },
                {
                    "filename": "FNT_NOTO_SANS_BOLD_NMBR_48PX",
                    "name": "numberMedium"
                },
                {
                    "filename": "FNT_NOTO_SANS_BOLD_NMBR_76PX",
                    "name": "numberHot"
                },
                {
                    "filename": "FNT_NOTO_SANS_BOLD_NMBR_94PX",
                    "name": "numberThaiHot"
                },
                {
                    "filename": "FNT_NOTO_SANS_CJK_JP_BOLD_15PX",
                    "name": "systemXtiny"
                },
                {
                    "filename": "FNT_NOTO_SANS_CJK_JP_BOLD_21PX",
                    "name": "systemTiny"
                },
                {
                    "filename": "FNT_NOTO_SANS_CJK_JP_BOLD_21PX",
                    "name": "systemSmall"
                },
                {
                    "filename": "FNT_NOTO_SANS_CJK_JP_BOLD_23PX",
                    "name": "systemMedium"
                },
                {
                    "filename": "FNT_NOTO_SANS_CJK_JP_BOLD_23PX",
                    "name": "systemLarge"
                },
                {
                    "filename": "FNT_NOTO_SANS_BOLD_29PX",
                    "name": "systemNumberMild"
                },
                {
                    "filename": "FNT_NOTO_SANS_BOLD_NMBR_48PX",
                    "name": "systemNumberMedium"
                },
                {
                    "filename": "FNT_NOTO_SANS_BOLD_NMBR_76PX",
                    "name": "systemNumberHot"
                },
                {
                    "filename": "FNT_NOTO_SANS_BOLD_NMBR_94PX",
                    "name": "systemNumberThaiHot"
                }
            ]
        },
        {
            "fontSet": "apac_kor",
            "fonts": [
                {
                    "filename": "FNT_NOTO_SANS_CJK_KR_BOLD_15PX",
                    "name": "xtiny"
                },
                {
                    "filename": "FNT_NOTO_SANS_CJK_KR_BOLD_21PX",
                    "name": "tiny"
                },
                {
                    "filename": "FNT_NOTO_SANS_CJK_KR_BOLD_21PX",
                    "name": "small"
                },
                {
                    "filename": "FNT_NOTO_SANS_CJK_KR_BOLD_23PX",
                    "name": "medium"
                },
                {
                    "filename": "FNT_NOTO_SANS_CJK_KR_BOLD_23PX",
                    "name": "large"
                },
                {
                    "filename": "FNT_NOTO_SANS_BOLD_29PX",
                    "name": "numberMild"
                },
                {
                    "filename": "FNT_NOTO_SANS_BOLD_NMBR_48PX",
                    "name": "numberMedium"
                },
                {
                    "filename": "FNT_NOTO_SANS_BOLD_NMBR_76PX",
                    "name": "numberHot"
                },
                {
                    "filename": "FNT_NOTO_SANS_BOLD_NMBR_94PX",
                    "name": "numberThaiHot"
                },
                {
                    "filename": "FNT_NOTO_SANS_CJK_KR_BOLD_15PX",
                    "name": "systemXtiny"
                },
                {
                    "filename": "FNT_NOTO_SANS_CJK_KR_BOLD_21PX",
                    "name": "systemTiny"
                },
                {
                    "filename": "FNT_NOTO_SANS_CJK_KR_BOLD_21PX",
                    "name": "systemSmall"
                },
                {
                    "filename": "FNT_NOTO_SANS_CJK_KR_BOLD_23PX",
                    "name": "systemMedium"
                },
                {
                    "filename": "FNT_NOTO_SANS_CJK_KR_BOLD_23PX",
                    "name": "systemLarge"
                },
                {
                    "filename": "FNT_NOTO_SANS_BOLD_29PX",
                    "name": "systemNumberMild"
                },
                {
                    "filename": "FNT_NOTO_SANS_BOLD_NMBR_48PX",
                    "name": "systemNumberMedium"
                },
                {
                    "filename": "FNT_NOTO_SANS_BOLD_NMBR_76PX",
                    "name": "systemNumberHot"
                },
                {
                    "filename": "FNT_NOTO_SANS_BOLD_NMBR_94PX",
                    "name": "systemNumberThaiHot"
                }
            ]
        },
        {
            "fontSet": "apac_tha",
            "fonts": [
                {
                    "filename": "bitstreamVeraSans 16",
                    "name": "xtiny"
                },
                {
                    "filename": "bitstreamVeraSans 16",
                    "name": "tiny"
                },
                {
                    "filename": "bitstreamVeraSans 16",
                    "name": "small"
                },
                {
                    "filename": "bitstreamVeraSans 21",
                    "name": "medium"
                },
                {
                    "filename": "bitstreamVeraSans 27",
                    "name": "large"
                },
                {
                    "filename": "FNT_NOTO_SANS_BOLD_29PX",
                    "name": "numberMild"
                },
                {
                    "filename": "FNT_NOTO_SANS_BOLD_NMBR_48PX",
                    "name": "numberMedium"
                },
                {
                    "filename": "FNT_NOTO_SANS_BOLD_NMBR_76PX",
                    "name": "numberHot"
                },
                {
                    "filename": "FNT_NOTO_SANS_BOLD_NMBR_94PX",
                    "name": "numberThaiHot"
                },
                {
                    "filename": "bitstreamVeraSans 16",
                    "name": "systemXtiny"
                },
                {
                    "filename": "bitstreamVeraSans 16",
                    "name": "systemTiny"
                },
                {
                    "filename": "bitstreamVeraSans 16",
                    "name": "systemSmall"
                },
                {
                    "filename": "bitstreamVeraSans 21",
                    "name": "systemMedium"
                },
                {
                    "filename": "bitstreamVeraSans 27",
                    "name": "systemLarge"
                },
                {
                    "filename": "FNT_NOTO_SANS_BOLD_29PX",
                    "name": "systemNumberMild"
                },
                {
                    "filename": "FNT_NOTO_SANS_BOLD_NMBR_48PX",
                    "name": "systemNumberMedium"
                },
                {
                    "filename": "FNT_NOTO_SANS_BOLD_NMBR_76PX",
                    "name": "systemNumberHot"
                },
                {
                    "filename": "FNT_NOTO_SANS_BOLD_NMBR_94PX",
                    "name": "systemNumberThaiHot"
                }
            ]
        }
    ],
    "image": "approach_s60.png",
    "keys": [
        {
            "behavior": "onSelect",
            "id": "enter",
            "location": {
                "height": 55,
                "width": 48,
                "x": 371,
                "y": 152
            }
        },
        {
            "behavior": "onMenu",
            "id": "menu",
            "location": {
                "height": 48,
                "width": 30,
                "x": 400,
                "y": 248
            }
        },
        {
            "behavior": "onBack",
            "id": "esc",
            "location": {
                "height": 39,
                "width": 32,
                "x": 376,
                "y": 341
            }
        }
    ],
    "layouts": [
        {
            "datafields": {
                "datafields": [
                    {
                        "drawBorders": true,
                        "fields": [
                            {
                                "data": {
                                    "font": "numberThaiHot",
                                    "justification": "center",
                                    "width": 192,
                                    "x": 121,
                                    "y": 136
                                },
                                "label": {
                                    "font": "medium",
                                    "justification": "center",
                                    "x": 119,
                                    "y": 41
                                },
                                "labelDisabled": false,
                                "location": {
                                    "height": 240,
                                    "width": 240,
                                    "x": 0,
                                    "y": 0
                                },
                                "obscurity": [
                                    "left",
                                    "top",
                                    "right",
                                    "bottom"
                                ]
                            }
                        ],
                        "name": "1 Field"
                    },
                    {
                        "drawBorders": true,
                        "fields": [
                            {
                                "data": {
                                    "font": "numberHot",
                                    "justification": "center",
                                    "width": 154,
                                    "x": 120,
                                    "y": 97
                                },
                                "label": {
                                    "font": "medium",
                                    "justification": "center",
                                    "x": 119,
                                    "y": 31
                                },
                                "labelDisabled": false,
                                "location": {
                                    "height": 120,
                                    "width": 240,
                                    "x": 0,
                                    "y": 0
                                },
                                "obscurity": [
                                    "left",
                                    "top",
                                    "right"
                                ]
                            },
                            {
                                "data": {
                                    "font": "numberHot",
                                    "justification": "center",
                                    "width": 154,
                                    "x": 120,
                                    "y": 97
                                },
                                "label": {
                                    "font": "medium",
                                    "justification": "center",
                                    "x": 119,
                                    "y": 31
                                },
                                "labelDisabled": false,
                                "location": {
                                    "height": 118,
                                    "width": 240,
                                    "x": 0,
                                    "y": 122
                                },
                                "obscurity": [
                                    "left",
                                    "right",
                                    "bottom"
                                ]
                            }
                        ],
                        "name": "2 Fields"
                    },
                    {
                        "drawBorders": true,
                        "fields": [
                            {
                                "data": {
                                    "font": "numberMedium",
                                    "justification": "center",
                                    "width": 132,
                                    "x": 120,
                                    "y": 67
                                },
                                "label": {
                                    "font": "small",
                                    "justification": "center",
                                    "x": 132,
                                    "y": 29
                                },
                                "labelDisabled": false,
                                "location": {
                                    "height": 77,
                                    "width": 240,
                                    "x": 0,
                                    "y": 0
                                },
                                "obscurity": [
                                    "left",
                                    "top",
                                    "right"
                                ]
                            },
                            {
                                "data": {
                                    "font": "numberHot",
                                    "justification": "center",
                                    "width": 165,
                                    "x": 120,
                                    "y": 73
                                },
                                "label": {
                                    "font": "small",
                                    "justification": "center",
                                    "x": 119,
                                    "y": 23
                                },
                                "labelDisabled": false,
                                "location": {
                                    "height": 82,
                                    "width": 240,
                                    "x": 0,
                                    "y": 79
                                },
                                "obscurity": [
                                    "left",
                                    "right"
                                ]
                            },
                            {
                                "data": {
                                    "font": "numberMedium",
                                    "justification": "center",
                                    "width": 132,
                                    "x": 120,
                                    "y": 67
                                },
                                "label": {
                                    "font": "small",
                                    "justification": "center",
                                    "x": 132,
                                    "y": 28
                                },
                                "labelDisabled": false,
                                "location": {
                                    "height": 77,
                                    "width": 240,
                                    "x": 0,
                                    "y": 163
                                },
                                "obscurity": [
                                    "left",
                                    "right",
                                    "bottom"
                                ]
                            }
                        ],
                        "name": "3 Fields"
                    }
                ]
            },
            "menu2": {
                "customTitle": {
                    "height": 52,
                    "width": 126,
                    "x": 57,
                    "y": 18
                },
                "doneButtons": {
                    "bottom": true,
                    "top": true
                },
                "items": {
                    "checks": [
                        {
                            "alignment": "left",
                            "disabledIconFile": "menu2_check_off_vegas.png",
                            "enabledIconFile": "menu2_check_on_vegas.png",
                            "x": 11,
                            "y": 32
                        },
                        {
                            "alignment": "right",
                            "disabledIconFile": "menu2_check_off_vegas.png",
                            "enabledIconFile": "menu2_check_on_vegas.png",
                            "x": 199,
                            "y": 32
                        }
                    ],
                    "icons": {
                        "check": "left",
                        "icon": "left",
                        "leftLocation": {
                            "height": 82,
                            "width": 41,
                            "x": 3,
                            "y": 7
                        },
                        "rightLocation": {
                            "height": 82,
                            "width": 41,
                            "x": 196,
                            "y": 7
                        },
                        "toggle": "right"
                    },
                    "item": {
                        "height": 96,
                        "labelFont": "large",
                        "subLabelFont": "small",
                        "width": 240
                    },
                    "region": {
                        "height": 96,
                        "width": 240,
                        "x": 0,
                        "y": 0
                    },
                    "stringWidths": {
                        "basic": 224,
                        "check": 152,
                        "icon": 152,
                        "toggle": 200
                    },
                    "subItem": {
                        "height": 51,
                        "labelFont": "tiny",
                        "labelWidth": 178,
                        "yOffset": 2
                    },
                    "toggles": [
                        {
                            "alignment": "left",
                            "disabledIconFile": "menu2_toggle_off_left_240x240.png",
                            "enabledIconFile": "menu2_toggle_on_left_240x240.png",
                            "x": 3,
                            "y": 7
                        },
                        {
                            "alignment": "right",
                            "disabledIconFile": "menu2_toggle_off_right_240x240.png",
                            "enabledIconFile": "menu2_toggle_on_right_240x240.png",
                            "x": 220,
                            "y": 7
                        }
                    ]
                },
                "mode": "scroll",
                "nextArrowPoints": [
                    {
                        "x": 119,
                        "y": 228
                    },
                    {
                        "x": 120,
                        "y": 228
                    },
                    {
                        "x": 127,
                        "y": 221
                    },
                    {
                        "x": 112,
                        "y": 221
                    }
                ],
                "previousArrowPoints": [
                    {
                        "x": 119,
                        "y": 11
                    },
                    {
                        "x": 120,
                        "y": 11
                    },
                    {
                        "x": 127,
                        "y": 18
                    },
                    {
                        "x": 112,
                        "y": 18
                    }
                ],
                "title": {
                    "height": 72,
                    "width": 240,
                    "x": 0,
                    "y": 0
                },
                "titleString": {
                    "font": "tiny",
                    "width": 120,
                    "x": 119,
                    "y": 42
                }
            },
            "orientation": "portrait",
            "picker": {
                "entries": [
                    {
                        "height": 132,
                        "width": 65,
                        "x": 11,
                        "y": 80
                    },
                    {
                        "height": 132,
                        "width": 65,
                        "x": 87,
                        "y": 80
                    },
                    {
                        "height": 132,
                        "width": 65,
                        "x": 164,
                        "y": 80
                    }
                ],
                "nextArrow": {
                    "height": 22,
                    "width": 34,
                    "x": 103,
                    "y": 74
                },
                "previousArrow": {
                    "height": 22,
                    "width": 34,
                    "x": 103,
                    "y": 190
                },
                "title": {
                    "height": 66,
                    "width": 240,
                    "x": 0,
                    "y": 0
                }
            }
        }
    ],
    "watchdogCount": 120000
}