{
    "display": {
        "behaviors": [
            {
                "gesture": "swipeRight",
                "id": "onBack"
            },
            {
                "gesture": "swipeLeft"
            },
            {
                "gesture": "swipeUp",
                "id": "nextPage"
            },
            {
                "gesture": "swipeDown",
                "id": "previousPage"
            },
            {
                "gesture": "hold"
            },
            {
                "gesture": "release"
            },
            {
                "gesture": "tap",
                "id": "onSelect"
            }
        ],
        "isTouch": true,
        "landscapeOrientation": 0,
        "location": {
            "height": 260,
            "width": 260,
            "x": 62,
            "y": 144
        },
        "shape": "round"
    },
    "fonts": [
        {
            "fontSet": "ww",
            "fonts": [
                {
                    "filename": "FNT_VIVOACTIVE4_ROBOTO_XTINY_BOLD",
                    "name": "xtiny"
                },
                {
                    "filename": "FNT_VIVOACTIVE4_ROBOTO_TINY_PLUS_BOLD",
                    "name": "tiny"
                },
                {
                    "filename": "FNT_VIVOACTIVE4_ROBOTO_SMALL_BOLD",
                    "name": "small"
                },
                {
                    "filename": "FNT_VIVOACTIVE4_ROBOTO_MEDIUM_BOLD",
                    "name": "medium"
                },
                {
                    "filename": "FNT_VIVOACTIVE4_ROBOTO_MEDIUM_PLUS_BOLD",
                    "name": "large"
                },
                {
                    "filename": "FNT_VIVOACTIVE4_REGULAR_NUMBER_FONT_1",
                    "name": "numberMild"
                },
                {
                    "filename": "FNT_VIVOACTIVE4_REGULAR_NUMBER_FONT_2",
                    "name": "numberMedium"
                },
                {
                    "filename": "FNT_VIVOACTIVE4_BOLD_NUMBER_FONT_5",
                    "name": "numberHot"
                },
                {
                    "filename": "FNT_VIVOACTIVE4_BOLD_NUMBER_FONT_6",
                    "name": "numberThaiHot"
                },
                {
                    "filename": "FNT_VIVOACTIVE4_ROBOTO_XTINY_BOLD",
                    "name": "systemXtiny"
                },
                {
                    "filename": "FNT_VIVOACTIVE4_ROBOTO_TINY_PLUS_BOLD",
                    "name": "systemTiny"
                },
                {
                    "filename": "FNT_VIVOACTIVE4_ROBOTO_SMALL_BOLD",
                    "name": "systemSmall"
                },
                {
                    "filename": "FNT_VIVOACTIVE4_ROBOTO_MEDIUM_BOLD",
                    "name": "systemMedium"
                },
                {
                    "filename": "FNT_VIVOACTIVE4_ROBOTO_MEDIUM_PLUS_BOLD",
                    "name": "systemLarge"
                },
                {
                    "filename": "FNT_VIVOACTIVE4_REGULAR_NUMBER_FONT_1",
                    "name": "systemNumberMild"
                },
                {
                    "filename": "FNT_VIVOACTIVE4_REGULAR_NUMBER_FONT_2",
                    "name": "systemNumberMedium"
                },
                {
                    "filename": "FNT_VIVOACTIVE4_BOLD_NUMBER_FONT_5",
                    "name": "systemNumberHot"
                },
                {
                    "filename": "FNT_VIVOACTIVE4_BOLD_NUMBER_FONT_6",
                    "name": "systemNumberThaiHot"
                },
                {
                    "filename": "FNT_VIVOACTIVE4_REGULAR_NUMBER_FONT_2",
                    "name": "simExtNumber1"
                },
                {
                    "filename": "FNT_VIVOACTIVE4_ROBOTO_TINY_BOLD",
                    "name": "simExtNumber2"
                }
            ]
        },
        {
            "fontSet": "apac_chn",
            "fonts": [
                {
                    "filename": "FNT_NOTO_SANS_CJK_TC_BOLD_CHN_19",
                    "name": "xtiny"
                },
                {
                    "filename": "FNT_NOTO_SANS_CJK_TC_BOLD_CHN_27",
                    "name": "tiny"
                },
                {
                    "filename": "FNT_NOTO_SANS_CJK_TC_BOLD_CHN_30B",
                    "name": "small"
                },
                {
                    "filename": "FNT_NOTO_SANS_CJK_TC_BOLD_CHN_35B",
                    "name": "medium"
                },
                {
                    "filename": "FNT_NOTO_SANS_CJK_TC_BOLD_CHN_40B",
                    "name": "large"
                },
                {
                    "filename": "FNT_VIVOACTIVE4_REGULAR_NUMBER_FONT_1",
                    "name": "numberMild"
                },
                {
                    "filename": "FNT_VIVOACTIVE4_REGULAR_NUMBER_FONT_2",
                    "name": "numberMedium"
                },
                {
                    "filename": "FNT_VIVOACTIVE4_BOLD_NUMBER_FONT_5",
                    "name": "numberHot"
                },
                {
                    "filename": "FNT_VIVOACTIVE4_BOLD_NUMBER_FONT_6",
                    "name": "numberThaiHot"
                },
                {
                    "filename": "FNT_NOTO_SANS_CJK_TC_BOLD_CHN_19",
                    "name": "systemXtiny"
                },
                {
                    "filename": "FNT_NOTO_SANS_CJK_TC_BOLD_CHN_27",
                    "name": "systemTiny"
                },
                {
                    "filename": "FNT_NOTO_SANS_CJK_TC_BOLD_CHN_30B",
                    "name": "systemSmall"
                },
                {
                    "filename": "FNT_NOTO_SANS_CJK_TC_BOLD_CHN_35B",
                    "name": "systemMedium"
                },
                {
                    "filename": "FNT_NOTO_SANS_CJK_TC_BOLD_CHN_40B",
                    "name": "systemLarge"
                },
                {
                    "filename": "FNT_VIVOACTIVE4_REGULAR_NUMBER_FONT_1",
                    "name": "systemNumberMild"
                },
                {
                    "filename": "FNT_VIVOACTIVE4_REGULAR_NUMBER_FONT_2",
                    "name": "systemNumberMedium"
                },
                {
                    "filename": "FNT_VIVOACTIVE4_BOLD_NUMBER_FONT_5",
                    "name": "systemNumberHot"
                },
                {
                    "filename": "FNT_VIVOACTIVE4_BOLD_NUMBER_FONT_6",
                    "name": "systemNumberThaiHot"
                },
                {
                    "filename": "FNT_VIVOACTIVE4_REGULAR_NUMBER_FONT_2",
                    "name": "simExtNumber1"
                },
                {
                    "filename": "FNT_VIVOACTIVE4_ROBOTO_TINY_BOLD",
                    "name": "simExtNumber2"
                }
            ]
        },
        {
            "fontSet": "apac_twn",
            "fonts": [
                {
                    "filename": "FNT_NOTO_SANS_CJK_TC_BOLD_TWN_19",
                    "name": "xtiny"
                },
                {
                    "filename": "FNT_NOTO_SANS_CJK_TC_BOLD_TWN_27",
                    "name": "tiny"
                },
                {
                    "filename": "FNT_NOTO_SANS_CJK_TC_BOLD_TWN_30B",
                    "name": "small"
                },
                {
                    "filename": "FNT_NOTO_SANS_CJK_TC_BOLD_TWN_35B",
                    "name": "medium"
                },
                {
                    "filename": "FNT_NOTO_SANS_CJK_TC_BOLD_TWN_40B",
                    "name": "large"
                },
                {
                    "filename": "FNT_VIVOACTIVE4_REGULAR_NUMBER_FONT_1",
                    "name": "numberMild"
                },
                {
                    "filename": "FNT_VIVOACTIVE4_REGULAR_NUMBER_FONT_2",
                    "name": "numberMedium"
                },
                {
                    "filename": "FNT_VIVOACTIVE4_BOLD_NUMBER_FONT_5",
                    "name": "numberHot"
                },
                {
                    "filename": "FNT_VIVOACTIVE4_BOLD_NUMBER_FONT_6",
                    "name": "numberThaiHot"
                },
                {
                    "filename": "FNT_NOTO_SANS_CJK_TC_BOLD_TWN_19",
                    "name": "systemXtiny"
                },
                {
                    "filename": "FNT_NOTO_SANS_CJK_TC_BOLD_TWN_27",
                    "name": "systemTiny"
                },
                {
                    "filename": "FNT_NOTO_SANS_CJK_TC_BOLD_TWN_30B",
                    "name": "systemSmall"
                },
                {
                    "filename": "FNT_NOTO_SANS_CJK_TC_BOLD_TWN_35B",
                    "name": "systemMedium"
                },
                {
                    "filename": "FNT_NOTO_SANS_CJK_TC_BOLD_TWN_40B",
                    "name": "systemLarge"
                },
                {
                    "filename": "FNT_VIVOACTIVE4_REGULAR_NUMBER_FONT_1",
                    "name": "systemNumberMild"
                },
                {
                    "filename": "FNT_VIVOACTIVE4_REGULAR_NUMBER_FONT_2",
                    "name": "systemNumberMedium"
                },
                {
                    "filename": "FNT_VIVOACTIVE4_BOLD_NUMBER_FONT_5",
                    "name": "systemNumberHot"
                },
                {
                    "filename": "FNT_VIVOACTIVE4_BOLD_NUMBER_FONT_6",
                    "name": "systemNumberThaiHot"
                },
                {
                    "filename": "FNT_VIVOACTIVE4_REGULAR_NUMBER_FONT_2",
                    "name": "simExtNumber1"
                },
                {
                    "filename": "FNT_VIVOACTIVE4_ROBOTO_TINY_BOLD",
                    "name": "simExtNumber2"
                }
            ]
        },
        {
            "fontSet": "apac_jpn",
            "fonts": [
                {
                    "filename": "FNT_NOTO_SANS_CJK_JP_BOLD_19",
                    "name": "xtiny"
                },
                {
                    "filename": "FNT_NOTO_SANS_CJK_JP_BOLD_27",
                    "name": "tiny"
                },
                {
                    "filename": "FNT_NOTO_SANS_CJK_JP_BOLD_30B",
                    "name": "small"
                },
                {
                    "filename": "FNT_NOTO_SANS_CJK_JP_BOLD_35B",
                    "name": "medium"
                },
                {
                    "filename": "FNT_NOTO_SANS_CJK_JP_BOLD_40B",
                    "name": "large"
                },
                {
                    "filename": "FNT_VIVOACTIVE4_REGULAR_NUMBER_FONT_1",
                    "name": "numberMild"
                },
                {
                    "filename": "FNT_VIVOACTIVE4_REGULAR_NUMBER_FONT_2",
                    "name": "numberMedium"
                },
                {
                    "filename": "FNT_VIVOACTIVE4_BOLD_NUMBER_FONT_5",
                    "name": "numberHot"
                },
                {
                    "filename": "FNT_VIVOACTIVE4_BOLD_NUMBER_FONT_6",
                    "name": "numberThaiHot"
                },
                {
                    "filename": "FNT_NOTO_SANS_CJK_JP_BOLD_19",
                    "name": "systemXtiny"
                },
                {
                    "filename": "FNT_NOTO_SANS_CJK_JP_BOLD_27",
                    "name": "systemTiny"
                },
                {
                    "filename": "FNT_NOTO_SANS_CJK_JP_BOLD_30B",
                    "name": "systemSmall"
                },
                {
                    "filename": "FNT_NOTO_SANS_CJK_JP_BOLD_35B",
                    "name": "systemMedium"
                },
                {
                    "filename": "FNT_NOTO_SANS_CJK_JP_BOLD_40B",
                    "name": "systemLarge"
                },
                {
                    "filename": "FNT_VIVOACTIVE4_REGULAR_NUMBER_FONT_1",
                    "name": "systemNumberMild"
                },
                {
                    "filename": "FNT_VIVOACTIVE4_REGULAR_NUMBER_FONT_2",
                    "name": "systemNumberMedium"
                },
                {
                    "filename": "FNT_VIVOACTIVE4_BOLD_NUMBER_FONT_5",
                    "name": "systemNumberHot"
                },
                {
                    "filename": "FNT_VIVOACTIVE4_BOLD_NUMBER_FONT_6",
                    "name": "systemNumberThaiHot"
                },
                {
                    "filename": "FNT_VIVOACTIVE4_REGULAR_NUMBER_FONT_2",
                    "name": "simExtNumber1"
                },
                {
                    "filename": "FNT_VIVOACTIVE4_ROBOTO_TINY_BOLD",
                    "name": "simExtNumber2"
                }
            ]
        },
        {
            "fontSet": "apac_kor",
            "fonts": [
                {
                    "filename": "FNT_NOTO_SANS_CJK_KR_REGULAR_19",
                    "name": "xtiny"
                },
                {
                    "filename": "FNT_NOTO_SANS_CJK_KR_REGULAR_27",
                    "name": "tiny"
                },
                {
                    "filename": "FNT_NOTO_SANS_CJK_KR_REGULAR_30B",
                    "name": "small"
                },
                {
                    "filename": "FNT_NOTO_SANS_CJK_KR_REGULAR_35B",
                    "name": "medium"
                },
                {
                    "filename": "FNT_NOTO_SANS_CJK_KR_REGULAR_40B",
                    "name": "large"
                },
                {
                    "filename": "FNT_VIVOACTIVE4_REGULAR_NUMBER_FONT_1",
                    "name": "numberMild"
                },
                {
                    "filename": "FNT_VIVOACTIVE4_REGULAR_NUMBER_FONT_2",
                    "name": "numberMedium"
                },
                {
                    "filename": "FNT_VIVOACTIVE4_BOLD_NUMBER_FONT_5",
                    "name": "numberHot"
                },
                {
                    "filename": "FNT_VIVOACTIVE4_BOLD_NUMBER_FONT_6",
                    "name": "numberThaiHot"
                },
                {
                    "filename": "FNT_NOTO_SANS_CJK_KR_REGULAR_19",
                    "name": "systemXtiny"
                },
                {
                    "filename": "FNT_NOTO_SANS_CJK_KR_REGULAR_27",
                    "name": "systemTiny"
                },
                {
                    "filename": "FNT_NOTO_SANS_CJK_KR_REGULAR_30B",
                    "name": "systemSmall"
                },
                {
                    "filename": "FNT_NOTO_SANS_CJK_KR_REGULAR_35B",
                    "name": "systemMedium"
                },
                {
                    "filename": "FNT_NOTO_SANS_CJK_KR_REGULAR_40B",
                    "name": "systemLarge"
                },
                {
                    "filename": "FNT_VIVOACTIVE4_REGULAR_NUMBER_FONT_1",
                    "name": "systemNumberMild"
                },
                {
                    "filename": "FNT_VIVOACTIVE4_REGULAR_NUMBER_FONT_2",
                    "name": "systemNumberMedium"
                },
                {
                    "filename": "FNT_VIVOACTIVE4_BOLD_NUMBER_FONT_5",
                    "name": "systemNumberHot"
                },
                {
                    "filename": "FNT_VIVOACTIVE4_BOLD_NUMBER_FONT_6",
                    "name": "systemNumberThaiHot"
                },
                {
                    "filename": "FNT_VIVOACTIVE4_REGULAR_NUMBER_FONT_2",
                    "name": "simExtNumber1"
                },
                {
                    "filename": "FNT_VIVOACTIVE4_ROBOTO_TINY_BOLD",
                    "name": "simExtNumber2"
                }
            ]
        },
        {
            "fontSet": "apac_tha",
            "fonts": [
                {
                    "filename": "bitstreamVeraSans 16",
                    "name": "xtiny"
                },
                {
                    "filename": "bitstreamVeraSans 16",
                    "name": "tiny"
                },
                {
                    "filename": "bitstreamVeraSans 16",
                    "name": "small"
                },
                {
                    "filename": "bitstreamVeraSans 21",
                    "name": "medium"
                },
                {
                    "filename": "bitstreamVeraSans 27",
                    "name": "large"
                },
                {
                    "filename": "FNT_VIVOACTIVE4_REGULAR_NUMBER_FONT_1",
                    "name": "numberMild"
                },
                {
                    "filename": "FNT_VIVOACTIVE4_REGULAR_NUMBER_FONT_2",
                    "name": "numberMedium"
                },
                {
                    "filename": "FNT_VIVOACTIVE4_BOLD_NUMBER_FONT_5",
                    "name": "numberHot"
                },
                {
                    "filename": "FNT_VIVOACTIVE4_BOLD_NUMBER_FONT_6",
                    "name": "numberThaiHot"
                },
                {
                    "filename": "bitstreamVeraSans 16",
                    "name": "systemXtiny"
                },
                {
                    "filename": "bitstreamVeraSans 16",
                    "name": "systemTiny"
                },
                {
                    "filename": "bitstreamVeraSans 16",
                    "name": "systemSmall"
                },
                {
                    "filename": "bitstreamVeraSans 21",
                    "name": "systemMedium"
                },
                {
                    "filename": "bitstreamVeraSans 27",
                    "name": "systemLarge"
                },
                {
                    "filename": "FNT_VIVOACTIVE4_REGULAR_NUMBER_FONT_1",
                    "name": "systemNumberMild"
                },
                {
                    "filename": "FNT_VIVOACTIVE4_REGULAR_NUMBER_FONT_2",
                    "name": "systemNumberMedium"
                },
                {
                    "filename": "FNT_VIVOACTIVE4_BOLD_NUMBER_FONT_5",
                    "name": "systemNumberHot"
                },
                {
                    "filename": "FNT_VIVOACTIVE4_BOLD_NUMBER_FONT_6",
                    "name": "systemNumberThaiHot"
                },
                {
                    "filename": "FNT_VIVOACTIVE4_REGULAR_NUMBER_FONT_2",
                    "name": "simExtNumber1"
                },
                {
                    "filename": "FNT_VIVOACTIVE4_ROBOTO_TINY_BOLD",
                    "name": "simExtNumber2"
                }
            ]
        },
        {
            "fontSet": "apac_vie",
            "fonts": [
                {
                    "filename": "FNT_NOTO_SANS_BOLD_VIET_19",
                    "name": "xtiny"
                },
                {
                    "filename": "FNT_NOTO_SANS_BOLD_VIET_27",
                    "name": "tiny"
                },
                {
                    "filename": "FNT_NOTO_SANS_BOLD_VIET_30B",
                    "name": "small"
                },
                {
                    "filename": "FNT_NOTO_SANS_BOLD_VIET_35B",
                    "name": "medium"
                },
                {
                    "filename": "FNT_NOTO_SANS_BOLD_VIET_40B",
                    "name": "large"
                },
                {
                    "filename": "FNT_VIVOACTIVE4_REGULAR_NUMBER_FONT_1",
                    "name": "numberMild"
                },
                {
                    "filename": "FNT_VIVOACTIVE4_REGULAR_NUMBER_FONT_2",
                    "name": "numberMedium"
                },
                {
                    "filename": "FNT_VIVOACTIVE4_BOLD_NUMBER_FONT_5",
                    "name": "numberHot"
                },
                {
                    "filename": "FNT_VIVOACTIVE4_BOLD_NUMBER_FONT_6",
                    "name": "numberThaiHot"
                },
                {
                    "filename": "FNT_NOTO_SANS_BOLD_VIET_19",
                    "name": "systemXtiny"
                },
                {
                    "filename": "FNT_NOTO_SANS_BOLD_VIET_27",
                    "name": "systemTiny"
                },
                {
                    "filename": "FNT_NOTO_SANS_BOLD_VIET_30B",
                    "name": "systemSmall"
                },
                {
                    "filename": "FNT_NOTO_SANS_BOLD_VIET_35B",
                    "name": "systemMedium"
                },
                {
                    "filename": "FNT_NOTO_SANS_BOLD_VIET_40B",
                    "name": "systemLarge"
                },
                {
                    "filename": "FNT_VIVOACTIVE4_REGULAR_NUMBER_FONT_1",
                    "name": "systemNumberMild"
                },
                {
                    "filename": "FNT_VIVOACTIVE4_REGULAR_NUMBER_FONT_2",
                    "name": "systemNumberMedium"
                },
                {
                    "filename": "FNT_VIVOACTIVE4_BOLD_NUMBER_FONT_5",
                    "name": "systemNumberHot"
                },
                {
                    "filename": "FNT_VIVOACTIVE4_BOLD_NUMBER_FONT_6",
                    "name": "systemNumberThaiHot"
                },
                {
                    "filename": "FNT_VIVOACTIVE4_REGULAR_NUMBER_FONT_2",
                    "name": "simExtNumber1"
                },
                {
                    "filename": "FNT_VIVOACTIVE4_ROBOTO_TINY_BOLD",
                    "name": "simExtNumber2"
                }
            ]
        }
    ],
    "image": "legacyherofirstavenger.png",
    "keys": [
        {
            "id": "enter",
            "location": {
                "height": 59,
                "width": 35,
                "x": 330,
                "y": 154
            }
        },
        {
            "behavior": "onMenu",
            "id": "menu",
            "isHold": true,
            "location": {
                "height": 59,
                "width": 35,
                "x": 330,
                "y": 334
            }
        },
        {
            "behavior": "onBack",
            "id": "esc",
            "location": {
                "height": 59,
                "width": 35,
                "x": 330,
                "y": 334
            }
        }
    ],
    "layouts": [
        {
            "datafields": {
                "datafields": [
                    {
                        "drawBorders": true,
                        "fields": [
                            {
                                "data": {
                                    "font": "numberThaiHot",
                                    "justification": "center",
                                    "width": 260,
                                    "x": 130,
                                    "y": 167
                                },
                                "label": {
                                    "font": "simExtNumber2",
                                    "justification": "center",
                                    "x": 130,
                                    "y": 82
                                },
                                "labelDisabled": false,
                                "location": {
                                    "height": 260,
                                    "width": 260,
                                    "x": 0,
                                    "y": 0
                                },
                                "obscurity": [
                                    "left",
                                    "top",
                                    "right",
                                    "bottom"
                                ]
                            }
                        ],
                        "name": "1 Field"
                    },
                    {
                        "drawBorders": true,
                        "fields": [
                            {
                                "data": {
                                    "font": "numberHot",
                                    "justification": "center",
                                    "width": 260,
                                    "x": 130,
                                    "y": 84
                                },
                                "label": {
                                    "font": "simExtNumber2",
                                    "justification": "center",
                                    "x": 130,
                                    "y": 27
                                },
                                "labelDisabled": false,
                                "location": {
                                    "height": 129,
                                    "width": 260,
                                    "x": 0,
                                    "y": 0
                                },
                                "obscurity": [
                                    "left",
                                    "top",
                                    "right"
                                ]
                            },
                            {
                                "data": {
                                    "font": "numberHot",
                                    "justification": "center",
                                    "width": 260,
                                    "x": 130,
                                    "y": 84
                                },
                                "label": {
                                    "font": "simExtNumber2",
                                    "justification": "center",
                                    "x": 130,
                                    "y": 27
                                },
                                "labelDisabled": false,
                                "location": {
                                    "height": 129,
                                    "width": 260,
                                    "x": 0,
                                    "y": 131
                                },
                                "obscurity": [
                                    "left",
                                    "right",
                                    "bottom"
                                ]
                            }
                        ],
                        "name": "2 Fields"
                    },
                    {
                        "drawBorders": true,
                        "fields": [
                            {
                                "data": {
                                    "font": "numberMedium",
                                    "justification": "center",
                                    "width": 260,
                                    "x": 130,
                                    "y": 66
                                },
                                "label": {
                                    "font": "simExtNumber2",
                                    "justification": "center",
                                    "x": 130,
                                    "y": 18
                                },
                                "labelDisabled": false,
                                "location": {
                                    "height": 85,
                                    "width": 260,
                                    "x": 0,
                                    "y": 0
                                },
                                "obscurity": [
                                    "left",
                                    "top",
                                    "right"
                                ]
                            },
                            {
                                "data": {
                                    "font": "numberThaiHot",
                                    "justification": "center",
                                    "width": 260,
                                    "x": 130,
                                    "y": 84
                                },
                                "label": {
                                    "font": "simExtNumber2",
                                    "justification": "center",
                                    "x": 130,
                                    "y": 18
                                },
                                "labelDisabled": false,
                                "location": {
                                    "height": 85,
                                    "width": 260,
                                    "x": 0,
                                    "y": 87
                                },
                                "obscurity": [
                                    "left",
                                    "right"
                                ]
                            },
                            {
                                "data": {
                                    "font": "numberMedium",
                                    "justification": "center",
                                    "width": 260,
                                    "x": 130,
                                    "y": 66
                                },
                                "label": {
                                    "font": "simExtNumber2",
                                    "justification": "center",
                                    "x": 130,
                                    "y": 18
                                },
                                "labelDisabled": false,
                                "location": {
                                    "height": 86,
                                    "width": 260,
                                    "x": 0,
                                    "y": 174
                                },
                                "obscurity": [
                                    "left",
                                    "right",
                                    "bottom"
                                ]
                            }
                        ],
                        "name": "3 Fields"
                    },
                    {
                        "drawBorders": true,
                        "fields": [
                            {
                                "data": {
                                    "font": "numberMedium",
                                    "justification": "center",
                                    "width": 260,
                                    "x": 130,
                                    "y": 66
                                },
                                "label": {
                                    "font": "simExtNumber2",
                                    "justification": "center",
                                    "x": 130,
                                    "y": 18
                                },
                                "labelDisabled": false,
                                "location": {
                                    "height": 85,
                                    "width": 260,
                                    "x": 0,
                                    "y": 0
                                },
                                "obscurity": [
                                    "left",
                                    "top",
                                    "right"
                                ]
                            },
                            {
                                "data": {
                                    "font": "simExtNumber1",
                                    "justification": "center",
                                    "width": 130,
                                    "x": 64,
                                    "y": 67
                                },
                                "label": {
                                    "font": "simExtNumber2",
                                    "justification": "center",
                                    "x": 64,
                                    "y": 18
                                },
                                "labelDisabled": false,
                                "location": {
                                    "height": 85,
                                    "width": 129,
                                    "x": 0,
                                    "y": 87
                                },
                                "obscurity": [
                                    "left"
                                ]
                            },
                            {
                                "data": {
                                    "font": "simExtNumber1",
                                    "justification": "center",
                                    "width": 130,
                                    "x": 64,
                                    "y": 67
                                },
                                "label": {
                                    "font": "simExtNumber2",
                                    "justification": "center",
                                    "x": 64,
                                    "y": 18
                                },
                                "labelDisabled": false,
                                "location": {
                                    "height": 85,
                                    "width": 129,
                                    "x": 131,
                                    "y": 87
                                },
                                "obscurity": [
                                    "right"
                                ]
                            },
                            {
                                "data": {
                                    "font": "numberMedium",
                                    "justification": "center",
                                    "width": 260,
                                    "x": 130,
                                    "y": 66
                                },
                                "label": {
                                    "font": "simExtNumber2",
                                    "justification": "center",
                                    "x": 130,
                                    "y": 17
                                },
                                "labelDisabled": false,
                                "location": {
                                    "height": 86,
                                    "width": 260,
                                    "x": 0,
                                    "y": 174
                                },
                                "obscurity": [
                                    "left",
                                    "right",
                                    "bottom"
                                ]
                            }
                        ],
                        "name": "4 Fields"
                    }
                ]
            },
            "menu2": {
                "customTitle": {
                    "height": 43,
                    "width": 109,
                    "x": 75,
                    "y": 12
                },
                "doneButtons": {
                    "bottom": true
                },
                "items": {
                    "checks": [
                        {
                            "alignment": "left",
                            "disabledIconFile": "menu2_check_off_vva4.png",
                            "enabledIconFile": "menu2_check_on_vva4.png",
                            "x": 16,
                            "y": 18
                        },
                        {
                            "alignment": "right",
                            "disabledIconFile": "menu2_check_off_vva4.png",
                            "enabledIconFile": "menu2_check_on_vva4.png",
                            "x": 204,
                            "y": 18
                        }
                    ],
                    "divider": 2,
                    "icons": {
                        "check": "left",
                        "icon": "left",
                        "leftLocation": {
                            "height": 75,
                            "width": 43,
                            "x": 8,
                            "y": 0
                        },
                        "rightLocation": {
                            "height": 75,
                            "width": 43,
                            "x": 209,
                            "y": 0
                        },
                        "toggle": "right"
                    },
                    "item": {
                        "height": 77,
                        "labelFont": "tiny",
                        "subLabelFont": "xtiny",
                        "width": 260,
                        "xOffset": 8
                    },
                    "region": {
                        "height": 77,
                        "width": 260,
                        "x": 0,
                        "y": 0
                    },
                    "stringWidths": {
                        "basic": 244,
                        "check": 188,
                        "icon": 193,
                        "toggle": 180
                    },
                    "toggles": [
                        {
                            "alignment": "left",
                            "disabledIconFile": "menu2_toggle_off_vva3.png",
                            "enabledIconFile": "menu2_toggle_on_vva3.png",
                            "x": 16,
                            "y": 6
                        },
                        {
                            "alignment": "right",
                            "disabledIconFile": "menu2_toggle_off_vva3.png",
                            "enabledIconFile": "menu2_toggle_on_vva3.png",
                            "x": 228,
                            "y": 6
                        }
                    ]
                },
                "mode": "scroll",
                "title": {
                    "height": 55,
                    "width": 260,
                    "x": 0,
                    "y": 0
                },
                "titleString": {
                    "font": "tiny",
                    "width": 64,
                    "x": 129,
                    "y": 42
                }
            },
            "orientation": "portrait",
            "picker": {
                "entries": [
                    {
                        "height": 26,
                        "width": 35,
                        "x": 7,
                        "y": 143
                    },
                    {
                        "height": 35,
                        "width": 175,
                        "x": 42,
                        "y": 139
                    },
                    {
                        "height": 26,
                        "width": 35,
                        "x": 217,
                        "y": 143
                    }
                ],
                "nextArrow": {
                    "height": 30,
                    "width": 30,
                    "x": 115,
                    "y": 77
                },
                "previousArrow": {
                    "height": 30,
                    "width": 30,
                    "x": 115,
                    "y": 207
                },
                "title": {
                    "height": 23,
                    "width": 182,
                    "x": 39,
                    "y": 37
                }
            }
        }
    ],
    "sensorHistory": [
        {
            "interval": 120,
            "size": 180,
            "type": "heartrate"
        },
        {
            "interval": 120,
            "size": 180,
            "type": "elevation"
        },
        {
            "interval": 120,
            "size": 180,
            "type": "temperature"
        },
        {
            "interval": 120,
            "size": 180,
            "type": "pressure"
        },
        {
            "interval": 3600,
            "size": 168,
            "type": "pulseox"
        }
    ],
    "watchdogCount": 120000,
    "wifiExclusions": [
        "normal"
    ]
}