{
    "alphaBlendingSupport": false,
    "appTypes": [
        {
            "memoryLimit": 524288,
            "type": "watchFace"
        },
        {
            "memoryLimit": 1048576,
            "type": "watchApp"
        },
        {
            "memoryLimit": 524288,
            "type": "widget"
        },
        {
            "memoryLimit": 32768,
            "type": "datafield"
        },
        {
            "memoryLimit": 524288,
            "type": "audioContentProvider"
        },
        {
            "memoryLimit": 65536,
            "type": "background"
        }
    ],
    "bitsPerPixel": 16,
    "deviceFamily": "round-390x390",
    "deviceGroup": "Watches/Wearables",
    "deviceId": "venu",
    "deviceVersion": "722eeea457636580f75a28ae6c94dcea8ad83696",
    "displayName": "Venu®",
    "displayType": "amoled",
    "faceIt": {
        "analogHandles": [
            "style1",
            "style2",
            "style3",
            "style4",
            "style5"
        ],
        "digitalFonts": [
            "sourceSansPro",
            "leagueGothic",
            "notoSansCJKTC",
            "qumpellkaNO12"
        ],
        "fontColors": [
            "00000000",
            "FFAA00",
            "FF5500",
            "FF0000",
            "AA0000",
            "00FF00",
            "00AA00",
            "00AAFF",
            "5500AA",
            "FF00FF"
        ],
        "templates": [
            "roundAnalogTemplate1",
            "roundDigitalTemplate1",
            "roundAnalogTemplate2",
            "roundDigitalTemplate2",
            "roundAnalogTemplate3",
            "roundDigitalTemplate3",
            "roundAnalogTemplate4",
            "roundDigitalTemplate4"
        ]
    },
    "hardwarePartNumber": "010-02173-11",
    "imageUrl": "https://static.garmincdn.com/en/products/010-02173-12/v/cf-sm-9af674f3-640f-43f0-91df-117ed510ffcf.jpg",
    "launcherIcon": {
        "height": 60,
        "width": 60
    },
    "orientation": 0,
    "partNumbers": [
        {
            "connectIQVersion": "3.3.1",
            "firmwareVersion": 680,
            "languages": [
                {
                    "code": "dan",
                    "fontSet": "ww"
                },
                {
                    "code": "dut",
                    "fontSet": "ww"
                },
                {
                    "code": "eng",
                    "fontSet": "ww"
                },
                {
                    "code": "fin",
                    "fontSet": "ww"
                },
                {
                    "code": "fre",
                    "fontSet": "ww"
                },
                {
                    "code": "deu",
                    "fontSet": "ww"
                },
                {
                    "code": "ita",
                    "fontSet": "ww"
                },
                {
                    "code": "nob",
                    "fontSet": "ww"
                },
                {
                    "code": "spa",
                    "fontSet": "ww"
                },
                {
                    "code": "swe",
                    "fontSet": "ww"
                },
                {
                    "code": "por",
                    "fontSet": "ww"
                },
                {
                    "code": "rus",
                    "fontSet": "ww"
                },
                {
                    "code": "ces",
                    "fontSet": "ww"
                },
                {
                    "code": "hun",
                    "fontSet": "ww"
                },
                {
                    "code": "pol",
                    "fontSet": "ww"
                },
                {
                    "code": "slo",
                    "fontSet": "ww"
                },
                {
                    "code": "heb",
                    "fontSet": "ww"
                },
                {
                    "code": "est",
                    "fontSet": "ww"
                },
                {
                    "code": "lav",
                    "fontSet": "ww"
                },
                {
                    "code": "lit",
                    "fontSet": "ww"
                },
                {
                    "code": "ukr",
                    "fontSet": "ww"
                },
                {
                    "code": "gre",
                    "fontSet": "ww"
                },
                {
                    "code": "ara",
                    "fontSet": "ww"
                },
                {
                    "code": "tur",
                    "fontSet": "ww"
                },
                {
                    "code": "hrv",
                    "fontSet": "ww"
                },
                {
                    "code": "slv",
                    "fontSet": "ww"
                },
                {
                    "code": "ron",
                    "fontSet": "ww"
                },
                {
                    "code": "bul",
                    "fontSet": "ww"
                }
            ],
            "number": "006-B3226-00"
        },
        {
            "connectIQVersion": "3.3.6",
            "firmwareVersion": 800,
            "languages": [
                {
                    "code": "eng",
                    "fontSet": "ww"
                },
                {
                    "code": "ind",
                    "fontSet": "ww"
                },
                {
                    "code": "zsm",
                    "fontSet": "ww"
                },
                {
                    "code": "zhs",
                    "fontSet": "apac_chn"
                },
                {
                    "code": "zht",
                    "fontSet": "apac_twn"
                },
                {
                    "code": "jpn",
                    "fontSet": "apac_jpn"
                },
                {
                    "code": "kor",
                    "fontSet": "apac_kor"
                },
                {
                    "code": "tha",
                    "fontSet": "apac_tha"
                },
                {
                    "code": "vie",
                    "fontSet": "apac_vie"
                }
            ],
            "number": "006-B3389-00"
        }
    ],
    "resolution": {
        "height": 390,
        "width": 390
    },
    "screenRotationSupport": false,
    "worldWidePartNumber": "006-B3226-00"
}