{
    "alphaBlendingSupport": false,
    "appTypes": [
        {
            "memoryLimit": 32768,
            "type": "background"
        },
        {
            "memoryLimit": 32768,
            "type": "datafield"
        },
        {
            "memoryLimit": 131072,
            "type": "watchApp"
        },
        {
            "memoryLimit": 98304,
            "type": "watchFace"
        },
        {
            "memoryLimit": 65536,
            "type": "widget"
        },
        {
            "memoryLimit": 32768,
            "type": "glance"
        }
    ],
    "bitsPerPixel": 8,
    "deviceFamily": "round-240x240",
    "deviceGroup": "Watches/Wearables",
    "deviceId": "fenix6s",
    "displayName": "fēnix® 6S / 6S Solar / 6S Dual Power",
    "displayType": "mip",
    "faceIt": {
        "analogHandles": [
            "style1",
            "style2",
            "style3",
            "style4",
            "style5"
        ],
        "digitalFonts": [
            "sourceSansPro",
            "leagueGothic",
            "notoSansCJKTC",
            "qumpellkaNO12"
        ],
        "fontColors": [
            "00000000",
            "FFAA00",
            "FF5500",
            "FF0000",
            "AA0000",
            "00FF00",
            "00AA00",
            "00AAFF",
            "5500AA",
            "FF00FF"
        ],
        "templates": [
            "roundAnalogTemplate1",
            "roundDigitalTemplate1",
            "roundAnalogTemplate2",
            "roundDigitalTemplate2",
            "roundAnalogTemplate3",
            "roundDigitalTemplate3",
            "roundAnalogTemplate4",
            "roundDigitalTemplate4"
        ]
    },
    "hardwarePartNumber": "010-02159-01",
    "imageUrl": "https://static.garmincdn.com/en/products/010-02159-00/v/cf-sm-880ca1fb-2302-4a53-bfda-962e357fd7f8.jpg",
    "launcherIcon": {
        "height": 40,
        "width": 40
    },
    "orientation": 0,
    "palette": {
        "colors": [
            "000000",
            "000055",
            "0000AA",
            "0000FF",
            "005500",
            "005555",
            "0055AA",
            "0055FF",
            "00AA00",
            "00AA55",
            "00AAAA",
            "00AAFF",
            "00FF00",
            "00FF55",
            "00FFAA",
            "00FFFF",
            "550000",
            "550055",
            "5500AA",
            "5500FF",
            "555500",
            "555555",
            "5555AA",
            "5555FF",
            "55AA00",
            "55AA55",
            "55AAAA",
            "55AAFF",
            "55FF00",
            "55FF55",
            "55FFAA",
            "55FFFF",
            "AA0000",
            "AA0055",
            "AA00AA",
            "AA00FF",
            "AA5500",
            "AA5555",
            "AA55AA",
            "AA55FF",
            "AAAA00",
            "AAAA55",
            "AAAAAA",
            "AAAAFF",
            "AAFF00",
            "AAFF55",
            "AAFFAA",
            "AAFFFF",
            "FF0000",
            "FF0055",
            "FF00AA",
            "FF00FF",
            "FF5500",
            "FF5555",
            "FF55AA",
            "FF55FF",
            "FFAA00",
            "FFAA55",
            "FFAAAA",
            "FFAAFF",
            "FFFF00",
            "FFFF55",
            "FFFFAA",
            "FFFFFF"
        ]
    },
    "partNumbers": [
        {
            "connectIQVersion": "3.4.2",
            "firmwareVersion": 2589,
            "languages": [
                {
                    "code": "ara",
                    "fontSet": "ww"
                },
                {
                    "code": "bul",
                    "fontSet": "ww"
                },
                {
                    "code": "ces",
                    "fontSet": "ww"
                },
                {
                    "code": "dan",
                    "fontSet": "ww"
                },
                {
                    "code": "deu",
                    "fontSet": "ww"
                },
                {
                    "code": "dut",
                    "fontSet": "ww"
                },
                {
                    "code": "eng",
                    "fontSet": "ww"
                },
                {
                    "code": "est",
                    "fontSet": "ww"
                },
                {
                    "code": "fin",
                    "fontSet": "ww"
                },
                {
                    "code": "fre",
                    "fontSet": "ww"
                },
                {
                    "code": "gre",
                    "fontSet": "ww"
                },
                {
                    "code": "heb",
                    "fontSet": "ww"
                },
                {
                    "code": "hrv",
                    "fontSet": "ww"
                },
                {
                    "code": "hun",
                    "fontSet": "ww"
                },
                {
                    "code": "ita",
                    "fontSet": "ww"
                },
                {
                    "code": "lav",
                    "fontSet": "ww"
                },
                {
                    "code": "lit",
                    "fontSet": "ww"
                },
                {
                    "code": "nob",
                    "fontSet": "ww"
                },
                {
                    "code": "pol",
                    "fontSet": "ww"
                },
                {
                    "code": "por",
                    "fontSet": "ww"
                },
                {
                    "code": "ron",
                    "fontSet": "ww"
                },
                {
                    "code": "rus",
                    "fontSet": "ww"
                },
                {
                    "code": "slo",
                    "fontSet": "ww"
                },
                {
                    "code": "slv",
                    "fontSet": "ww"
                },
                {
                    "code": "spa",
                    "fontSet": "ww"
                },
                {
                    "code": "swe",
                    "fontSet": "ww"
                },
                {
                    "code": "tur",
                    "fontSet": "ww"
                },
                {
                    "code": "ukr",
                    "fontSet": "ww"
                }
            ],
            "number": "006-B3287-00"
        },
        {
            "connectIQVersion": "3.4.1",
            "firmwareVersion": 2510,
            "languages": [
                {
                    "code": "eng",
                    "fontSet": "ww"
                },
                {
                    "code": "ind",
                    "fontSet": "ww"
                },
                {
                    "code": "zsm",
                    "fontSet": "ww"
                },
                {
                    "code": "zhs",
                    "fontSet": "apac_chn"
                },
                {
                    "code": "zht",
                    "fontSet": "apac_twn"
                },
                {
                    "code": "jpn",
                    "fontSet": "apac_jpn"
                },
                {
                    "code": "kor",
                    "fontSet": "apac_kor"
                },
                {
                    "code": "tha",
                    "fontSet": "apac_tha"
                },
                {
                    "code": "vie",
                    "fontSet": "apac_vie"
                }
            ],
            "number": "006-B3512-00"
        },
        {
            "connectIQVersion": "3.4.1",
            "firmwareVersion": 2510,
            "languages": [
                {
                    "code": "eng",
                    "fontSet": "ww"
                },
                {
                    "code": "ind",
                    "fontSet": "ww"
                },
                {
                    "code": "zsm",
                    "fontSet": "ww"
                },
                {
                    "code": "zhs",
                    "fontSet": "apac_chn"
                },
                {
                    "code": "zht",
                    "fontSet": "apac_twn"
                },
                {
                    "code": "jpn",
                    "fontSet": "apac_jpn"
                },
                {
                    "code": "kor",
                    "fontSet": "apac_kor"
                },
                {
                    "code": "tha",
                    "fontSet": "apac_tha"
                },
                {
                    "code": "vie",
                    "fontSet": "apac_vie"
                }
            ],
            "number": "006-B3764-00"
        },
        {
            "connectIQVersion": "3.4.1",
            "firmwareVersion": 2510,
            "languages": [
                {
                    "code": "eng",
                    "fontSet": "ww"
                },
                {
                    "code": "ind",
                    "fontSet": "ww"
                },
                {
                    "code": "zsm",
                    "fontSet": "ww"
                },
                {
                    "code": "zhs",
                    "fontSet": "apac_chn"
                },
                {
                    "code": "zht",
                    "fontSet": "apac_twn"
                },
                {
                    "code": "jpn",
                    "fontSet": "apac_jpn"
                },
                {
                    "code": "kor",
                    "fontSet": "apac_kor"
                },
                {
                    "code": "tha",
                    "fontSet": "apac_tha"
                },
                {
                    "code": "vie",
                    "fontSet": "apac_vie"
                }
            ],
            "number": "006-B3768-00"
        }
    ],
    "resolution": {
        "height": 240,
        "width": 240
    },
    "screenRotationSupport": false,
    "worldWidePartNumber": "006-B3287-00"
}